,Node,PI/Not a PI,Organisation,Internal Staff vs. External Staff,Faculty
0,68454489,1,Internal Staff,1,2
1,36428007,1,Internal Staff,1,2
2,61570440,1,Internal Staff,1,2
3,54143168,1,Internal Staff,1,2
4,56034484,1,Internal Staff,1,2
5,54499417,1,Internal Staff,1,2
6,11213945,2,Internal Staff,1,2
7,39108817,1,Internal Staff,1,2
8,40199761,2,Internal Staff,1,2
9,67946093,2,Internal Staff,1,2
10,52527527,1,Internal Staff,1,2
11,55187179,1,Internal Staff,1,2
12,70305156,2,Internal Staff,1,2
13,82290374,2,Internal Staff,1,2
14,89534144,2,Internal Staff,1,2
15,29453815,2,Internal Staff,1,2
16,98621483,2,Internal Staff,1,2
17,43986085,1,Internal Staff,1,2
18,70318894,1,Internal Staff,1,2
19,92856880,2,Internal Staff,1,2
20,39433648,2,Internal Staff,1,2
21,55589090,2,Internal Staff,1,2
22,92996508,2,Internal Staff,1,2
23,94921615,2,Internal Staff,1,2
24,96822852,1,Internal Staff,1,2
25,73948861,2,Internal Staff,1,2
26,40326129,1,Internal Staff,1,2
27,39124998,2,Internal Staff,1,2
28,64040463,2,Internal Staff,1,2
29,81786442,2,Internal Staff,1,2
30,85149798,2,Internal Staff,1,2
31,91744306,1,Internal Staff,1,2
32,40458265,2,Internal Staff,1,2
33,22760083,2,Internal Staff,1,2
34,40786083,2,Internal Staff,1,2
35,98189454,1,Internal Staff,1,2
36,34513296,1,Internal Staff,1,2
37,52491248,2,Internal Staff,1,2
38,88585503,2,Internal Staff,1,2
39,97670495,2,Internal Staff,1,2
40,52111813,2,Internal Staff,1,2
41,89170517,2,Internal Staff,1,2
42,92625594,1,Internal Staff,1,2
43,51656141,2,Internal Staff,1,2
44,87700673,2,Internal Staff,1,2
45,26120352,2,Internal Staff,1,2
46,14981656,2,Internal Staff,1,2
47,19361976,2,Internal Staff,1,2
48,19886748,2,Internal Staff,1,2
49,25696976,2,Internal Staff,1,2
50,32550572,2,Internal Staff,1,2
51,33359265,2,Internal Staff,1,2
52,33868824,2,Internal Staff,1,2
53,35921193,2,Internal Staff,1,2
54,36424914,2,Internal Staff,1,2
55,43637207,2,Internal Staff,1,2
56,47506779,2,Internal Staff,1,2
57,58041365,2,Internal Staff,1,2
58,59869965,2,Internal Staff,1,2
59,60258070,2,Internal Staff,1,2
60,68783781,2,Internal Staff,1,2
61,79037330,2,Internal Staff,1,2
62,82532054,2,Internal Staff,1,2
63,98073039,2,Internal Staff,1,2
64,99235145,2,Internal Staff,1,2
65,13509795,2,Internal Staff,1,2
66,18080421,2,Internal Staff,1,2
67,23856294,2,Internal Staff,1,2
68,31998234,2,Internal Staff,1,2
69,32193502,2,Internal Staff,1,2
70,43611232,2,Internal Staff,1,2
71,65547188,2,Internal Staff,1,2
72,66601412,2,Internal Staff,1,2
73,76167198,2,Internal Staff,1,2
74,78997086,2,Internal Staff,1,2
75,85412481,2,Internal Staff,1,2
76,85623100,2,Internal Staff,1,2
77,91144009,2,Internal Staff,1,2
78,66749136,2,Internal Staff,1,2
79,64833951,2,Internal Staff,1,2
80,88419861,1,Internal Staff,1,2
81,20069049,2,Internal Staff,1,2
82,58418053,2,Internal Staff,1,2
83,98148260,2,Internal Staff,1,2
84,29123782,2,Internal Staff,1,2
85,26340893,1,Internal Staff,1,2
86,65468552,1,Internal Staff,1,2
87,10162360,2,Internal Staff,1,2
88,26537570,1,Internal Staff,1,2
89,38231142,2,Internal Staff,1,2
90,99531049,2,Internal Staff,1,2
91,68399315,2,Internal Staff,1,2
92,68625039,2,Internal Staff,1,2
93,10850486,2,Internal Staff,1,2
94,17613163,2,Internal Staff,1,2
95,25676723,2,Internal Staff,1,2
96,29767267,2,Internal Staff,1,2
97,37832847,2,Internal Staff,1,2
98,38793167,2,Internal Staff,1,2
99,45687683,2,Internal Staff,1,2
100,51397916,2,Internal Staff,1,2
101,52261094,2,Internal Staff,1,2
102,57964589,2,Internal Staff,1,2
103,66938100,2,Internal Staff,1,2
104,69643382,2,Internal Staff,1,2
105,73744849,2,Internal Staff,1,2
106,95406124,2,Internal Staff,1,2
107,99494656,2,Internal Staff,1,2
108,37352343,1,Internal Staff,1,2
109,22061706,1,Internal Staff,1,2
110,58341008,2,Internal Staff,1,2
111,61143587,2,Internal Staff,1,2
112,85915387,2,Internal Staff,1,2
113,91072802,2,Internal Staff,1,2
114,65435968,1,Internal Staff,1,2
115,31517511,2,Internal Staff,1,2
116,91025211,2,Internal Staff,1,2
117,88501063,2,Internal Staff,1,2
118,89487878,2,Internal Staff,1,2
119,91040228,2,Internal Staff,1,2
120,24766482,2,Internal Staff,1,2
121,30621101,2,Internal Staff,1,2
122,46243400,2,Internal Staff,1,2
123,17918131,1,Internal Staff,1,2
124,62144110,2,Internal Staff,1,2
125,97716803,2,Internal Staff,1,2
126,98110937,2,Internal Staff,1,2
127,63344198,2,Internal Staff,1,2
128,63909204,2,Internal Staff,1,2
129,65749424,1,Internal Staff,1,2
130,80663477,2,Internal Staff,1,2
131,17991501,2,Internal Staff,1,2
132,46878499,2,Internal Staff,1,2
133,78180144,2,Internal Staff,1,2
134,48119858,2,Internal Staff,1,2
135,56185396,2,Internal Staff,1,2
136,70247785,2,Internal Staff,1,2
137,49446368,2,Internal Staff,1,2
138,50623665,2,Internal Staff,1,2
139,19639353,2,Internal Staff,1,2
140,55337859,2,Internal Staff,1,2
141,44241712,2,Internal Staff,1,2
142,16011892,2,Internal Staff,1,2
143,48625576,2,Internal Staff,1,2
144,53414185,2,Internal Staff,1,2
145,82126353,2,Internal Staff,1,2
146,64410724,1,Internal Staff,1,1
147,52840341,2,Internal Staff,1,1
148,75167945,1,Internal Staff,1,1
149,69698888,2,Internal Staff,1,1
150,22664974,2,Internal Staff,1,1
151,89894198,2,Internal Staff,1,1
152,72963367,2,Internal Staff,1,1
153,99365527,2,Internal Staff,1,1
154,31512608,2,Internal Staff,1,1
155,56708515,2,Internal Staff,1,1
156,46592945,2,Internal Staff,1,1
157,67324999,2,Internal Staff,1,1
158,75805942,2,Internal Staff,1,1
159,22701711,2,Internal Staff,1,1
160,66451506,2,Internal Staff,1,1
161,77795114,1,Internal Staff,1,1
162,83979631,2,Internal Staff,1,1
163,90068471,2,Internal Staff,1,1
164,12811381,2,Internal Staff,1,1
165,18797839,1,Internal Staff,1,1
166,20129124,2,Internal Staff,1,1
167,44105450,2,Internal Staff,1,1
168,55662086,2,Internal Staff,1,1
169,58961111,2,Internal Staff,1,1
170,98146154,2,Internal Staff,1,1
171,27742873,2,Internal Staff,1,1
172,41902096,2,Internal Staff,1,1
173,42465713,2,Internal Staff,1,1
174,53181317,2,Internal Staff,1,1
175,79893241,2,Internal Staff,1,1
176,91680829,1,Internal Staff,1,1
177,92021548,2,Internal Staff,1,1
178,92911885,2,Internal Staff,1,1
179,97794113,2,Internal Staff,1,1
180,23400125,2,Internal Staff,1,1
181,52811724,2,Internal Staff,1,1
182,52862428,2,Internal Staff,1,1
183,81003273,2,Internal Staff,1,1
184,48094348,2,Internal Staff,1,1
185,14932602,2,Internal Staff,1,1
186,20960191,2,Internal Staff,1,1
187,78271868,1,Internal Staff,1,1
188,88352127,2,Internal Staff,1,1
189,67725898,1,Internal Staff,1,1
190,55870445,1,Internal Staff,1,1
191,76282315,2,Internal Staff,1,1
192,26451195,1,Internal Staff,1,1
193,74808839,2,Internal Staff,1,1
194,99679703,2,Internal Staff,1,1
195,14603975,2,Internal Staff,1,1
196,32427836,2,Internal Staff,1,1
197,15259445,2,Internal Staff,1,1
198,21648930,2,Internal Staff,1,1
199,23820000,2,Internal Staff,1,1
200,24215729,2,Internal Staff,1,1
201,29705789,2,Internal Staff,1,1
202,30327814,2,Internal Staff,1,1
203,30483914,2,Internal Staff,1,1
204,33943990,2,Internal Staff,1,1
205,41088550,2,Internal Staff,1,1
206,42207744,2,Internal Staff,1,1
207,52125232,2,Internal Staff,1,1
208,55797810,2,Internal Staff,1,1
209,62439051,2,Internal Staff,1,1
210,75384546,2,Internal Staff,1,1
211,92452327,2,Internal Staff,1,1
212,29843366,2,Internal Staff,1,1
213,63408863,2,Internal Staff,1,1
214,11055140,2,Internal Staff,1,1
215,69465338,2,Internal Staff,1,1
216,75802831,2,Internal Staff,1,3
217,63638678,2,Internal Staff,1,3
218,32668128,2,Internal Staff,1,3
219,39391756,2,Internal Staff,1,3
220,95355210,2,Internal Staff,1,3
221,48891962,2,Internal Staff,1,3
222,74186656,2,Internal Staff,1,3
223,64567800,2,Internal Staff,1,3
224,29511878,2,Internal Staff,1,3
225,77133030,2,Internal Staff,1,3
226,88248890,2,Internal Staff,1,3
227,93979016,2,Internal Staff,1,3
228,18007899,1,Internal Staff,1,3
229,74232415,2,Internal Staff,1,3
230,49343429,2,Internal Staff,1,3
231,35996630,2,Internal Staff,1,3
232,28916522,2,Internal Staff,1,3
233,47834074,2,Internal Staff,1,3
234,50379151,1,Internal Staff,1,3
235,84670996,1,Internal Staff,1,3
236,62306091,2,Internal Staff,1,3
237,22229355,2,Internal Staff,1,3
238,58233094,2,Internal Staff,1,3
239,51442218,2,Internal Staff,1,3
240,40070800,2,Internal Staff,1,3
241,26320225,2,Internal Staff,1,3
242,89562352,2,Internal Staff,1,3
243,22372749,2,Internal Staff,1,3
244,30407538,1,Internal Staff,1,3
245,65317644,2,Internal Staff,1,3
246,95405394,2,Internal Staff,1,3
247,21942067,2,Internal Staff,1,3
248,22926416,2,Internal Staff,1,3
249,37784142,2,Internal Staff,1,3
250,58866748,1,Internal Staff,1,3
251,70233551,2,Internal Staff,1,3
252,81733518,2,Internal Staff,1,3
253,45392482,2,Internal Staff,1,3
254,51868029,1,Internal Staff,1,3
255,14817624,1,Internal Staff,1,3
256,55360959,2,Internal Staff,1,3
257,13224469,1,Internal Staff,1,3
258,79772585,2,Internal Staff,1,3
259,66003097,2,Internal Staff,1,3
260,90144202,2,Internal Staff,1,3
261,95012705,2,Internal Staff,1,3
262,26642353,2,Internal Staff,1,3
263,85697487,2,Internal Staff,1,3
264,85706014,2,Internal Staff,1,3
265,42387028,1,Internal Staff,1,3
266,60689704,2,Internal Staff,1,3
267,66996609,2,Internal Staff,1,3
268,50070388,2,Internal Staff,1,3
269,28153747,1,Internal Staff,1,3
270,57820559,2,Internal Staff,1,3
271,90586285,2,Internal Staff,1,3
272,90955050,2,Internal Staff,1,3
273,29370717,2,Internal Staff,1,3
274,60245706,2,Internal Staff,1,3
275,67745551,1,Internal Staff,1,3
276,44434653,1,Internal Staff,1,3
277,15410249,2,Internal Staff,1,3
278,17300961,2,Internal Staff,1,3
279,39613940,2,Internal Staff,1,3
280,71323513,1,Internal Staff,1,3
281,38450356,2,Internal Staff,1,3
282,56340311,2,Internal Staff,1,3
283,32013479,2,Internal Staff,1,3
284,19242451,2,Internal Staff,1,3
285,33581520,1,Internal Staff,1,3
286,93942195,2,Internal Staff,1,3
287,19638872,2,Internal Staff,1,3
288,19718652,2,Internal Staff,1,3
289,28738958,1,Internal Staff,1,3
290,34437873,2,Internal Staff,1,3
291,76583498,2,Internal Staff,1,3
292,88336017,2,Internal Staff,1,3
293,98775027,2,Internal Staff,1,3
294,50632751,2,Internal Staff,1,3
295,27923681,2,Internal Staff,1,3
296,91352307,1,Internal Staff,1,3
297,65722489,2,Internal Staff,1,3
298,90226032,1,Internal Staff,1,3
299,16431455,2,Internal Staff,1,3
300,22122058,2,Internal Staff,1,3
301,28066843,2,Internal Staff,1,3
302,51277200,2,Internal Staff,1,3
303,73797754,2,Internal Staff,1,3
304,12568610,1,Internal Staff,1,3
305,49991169,2,Internal Staff,1,3
306,26342005,2,Internal Staff,1,3
307,35098509,2,Internal Staff,1,3
308,38264207,2,Internal Staff,1,3
309,42677048,2,Internal Staff,1,3
310,52813611,2,Internal Staff,1,3
311,57829129,2,Internal Staff,1,3
312,69849440,2,Internal Staff,1,3
313,73307117,2,Internal Staff,1,3
314,76343121,2,Internal Staff,1,3
315,26656453,1,Internal Staff,1,3
316,67165822,2,Internal Staff,1,3
317,60148545,2,Internal Staff,1,3
318,44922036,1,Internal Staff,1,3
319,70309809,2,Internal Staff,1,3
320,13561646,2,Internal Staff,1,3
321,18786145,1,Internal Staff,1,3
322,20346140,2,Internal Staff,1,3
323,54410438,2,Internal Staff,1,3
324,54581329,2,Internal Staff,1,3
325,62470495,2,Internal Staff,1,3
326,25395751,2,Internal Staff,1,3
327,37306764,2,Internal Staff,1,3
328,80940819,2,Internal Staff,1,3
329,85478689,2,Internal Staff,1,3
330,55250322,1,Internal Staff,1,3
331,74935658,1,Internal Staff,1,3
332,95867087,2,Internal Staff,1,3
333,38296105,2,Internal Staff,1,3
334,52653703,2,Internal Staff,1,3
335,97611969,1,Internal Staff,1,3
336,92151005,1,Internal Staff,1,3
337,19768805,2,Internal Staff,1,3
338,23192030,2,Internal Staff,1,3
339,67469330,2,Internal Staff,1,3
340,70057133,2,Internal Staff,1,3
341,90223168,2,Internal Staff,1,3
342,91368879,1,Internal Staff,1,3
343,24285579,2,Internal Staff,1,3
344,12295023,2,Internal Staff,1,3
345,14102348,2,Internal Staff,1,3
346,32706312,1,Internal Staff,1,3
347,32921606,2,Internal Staff,1,3
348,40834970,2,Internal Staff,1,3
349,47459630,2,Internal Staff,1,3
350,66716073,2,Internal Staff,1,3
351,93296671,2,Internal Staff,1,3
352,60431527,2,Internal Staff,1,3
353,80999514,2,Internal Staff,1,3
354,31720548,2,Internal Staff,1,3
355,31921936,2,Internal Staff,1,3
356,65026743,2,Internal Staff,1,3
357,26440481,2,Internal Staff,1,3
358,49610905,2,Internal Staff,1,3
359,72220265,2,Internal Staff,1,3
360,90420931,2,Internal Staff,1,3
361,95665204,1,Internal Staff,1,3
362,10083151,2,Internal Staff,1,3
363,27719754,2,Internal Staff,1,3
364,23716141,2,Internal Staff,1,3
365,36727782,2,Internal Staff,1,3
366,37752742,2,Internal Staff,1,3
367,44742831,2,Internal Staff,1,3
368,53654827,2,Internal Staff,1,3
369,54977933,2,Internal Staff,1,3
370,59399240,2,Internal Staff,1,3
371,87243668,2,Internal Staff,1,3
372,90326364,2,Internal Staff,1,3
373,90648238,2,Internal Staff,1,3
374,95425017,2,Internal Staff,1,3
375,29728603,1,Internal Staff,1,3
376,37433890,2,Internal Staff,1,3
377,86783299,2,Internal Staff,1,3
378,46821111,2,Internal Staff,1,3
379,93617957,2,Internal Staff,1,3
380,26244251,2,Internal Staff,1,3
381,50627686,2,Internal Staff,1,3
382,53542119,2,Internal Staff,1,3
383,37637352,2,Internal Staff,1,3
384,73321207,2,Internal Staff,1,3
385,87591488,2,Internal Staff,1,3
386,29339990,1,Internal Staff,1,3
387,45986830,2,Internal Staff,1,3
388,46969237,2,Internal Staff,1,3
389,89564104,2,Internal Staff,1,3
390,28942203,2,Internal Staff,1,3
391,38920288,2,Internal Staff,1,3
392,47473668,2,Internal Staff,1,3
393,68295232,2,Internal Staff,1,3
394,49153402,2,Internal Staff,1,3
395,73947776,2,Internal Staff,1,3
396,94991333,1,Internal Staff,1,3
397,56832536,2,Internal Staff,1,3
398,79176333,2,Internal Staff,1,3
399,91805536,2,Internal Staff,1,3
400,94511957,2,Internal Staff,1,3
401,22273594,2,Internal Staff,1,3
402,27329343,2,Internal Staff,1,3
403,41579687,2,Internal Staff,1,3
404,44532410,2,Internal Staff,1,3
405,50984631,2,Internal Staff,1,3
406,55793695,2,Internal Staff,1,3
407,71846604,2,Internal Staff,1,3
408,74896622,2,Internal Staff,1,3
409,76698918,2,Internal Staff,1,3
410,92686928,2,Internal Staff,1,3
411,91128640,1,Internal Staff,1,3
412,44207227,1,Internal Staff,1,3
413,50243699,2,Internal Staff,1,3
414,57943081,2,Internal Staff,1,3
415,63276540,2,Internal Staff,1,3
416,98229284,2,Internal Staff,1,3
417,98473661,2,Internal Staff,1,3
418,21967828,2,Internal Staff,1,3
419,61044916,1,Internal Staff,1,3
420,13910940,2,Internal Staff,1,3
421,27795888,2,Internal Staff,1,3
422,51653897,2,Internal Staff,1,3
423,56721313,1,Internal Staff,1,3
424,22253048,2,Internal Staff,1,3
425,69026915,1,Internal Staff,1,3
426,85641797,2,Internal Staff,1,3
427,77097931,2,Internal Staff,1,3
428,43884519,2,Internal Staff,1,3
429,54178386,2,Internal Staff,1,3
430,78595227,2,Internal Staff,1,3
431,31369531,2,Internal Staff,1,3
432,66800139,1,Internal Staff,1,3
433,20056789,0,Internal Staff,1,4
434,94993848,0,Internal Staff,1,4
435,87684801,0,Internal Staff,1,4
436,71205894,0,Internal Staff,1,4
437,46370622,0,Internal Staff,1,4
438,18455090,0,Internal Staff,1,4
439,57817662,0,Internal Staff,1,4
440,19518413,0,Internal Staff,1,4
441,89539720,0,Internal Staff,1,4
442,48664964,0,Internal Staff,1,4
443,98944067,0,Internal Staff,1,4
444,41325652,0,Internal Staff,1,4
445,37834485,0,Internal Staff,1,4
446,14084981,0,Internal Staff,1,4
447,80133071,0,Internal Staff,1,4
448,94109244,0,Internal Staff,1,4
449,28516069,0,Internal Staff,1,4
450,77778729,0,Internal Staff,1,4
451,56744431,0,Internal Staff,1,4
452,42402168,0,Internal Staff,1,4
453,74793641,0,Internal Staff,1,4
454,14617684,0,Internal Staff,1,4
455,28205175,0,Internal Staff,1,4
456,38630652,0,Internal Staff,1,4
457,93337538,0,Internal Staff,1,4
458,28030564,0,Internal Staff,1,4
459,57907578,0,Internal Staff,1,4
460,63569275,0,Internal Staff,1,4
461,47825174,0,Internal Staff,1,4
462,32147292,0,Internal Staff,1,4
463,73836964,0,Internal Staff,1,4
464,35395400,0,Internal Staff,1,4
465,18595077,0,Internal Staff,1,4
466,88807998,0,Internal Staff,1,4
467,89519453,0,Internal Staff,1,4
468,97635052,0,Internal Staff,1,4
469,56425285,0,Internal Staff,1,4
470,65118792,0,Internal Staff,1,4
471,14277225,0,Internal Staff,1,4
472,92583271,0,Internal Staff,1,4
473,86174544,0,Internal Staff,1,4
474,38082768,0,Internal Staff,1,4
475,73967442,0,Internal Staff,1,4
476,21219019,0,Internal Staff,1,4
477,72502691,0,Internal Staff,1,4
478,33214927,0,Internal Staff,1,4
479,89714048,0,Internal Staff,1,4
480,79308303,0,Internal Staff,1,4
481,93139432,0,Internal Staff,1,4
482,98578754,0,Internal Staff,1,4
483,99743242,0,Internal Staff,1,4
484,44847433,0,Internal Staff,1,4
485,49837540,0,Internal Staff,1,4
486,84558500,0,Internal Staff,1,4
487,57301504,0,Internal Staff,1,4
488,70289829,0,Internal Staff,1,4
489,22308450,0,Internal Staff,1,4
490,46145636,0,Internal Staff,1,4
491,89221564,0,Internal Staff,1,4
492,21860450,0,Internal Staff,1,4
493,74601487,0,Internal Staff,1,4
494,99119653,0,Internal Staff,1,4
495,94491413,0,Internal Staff,1,4
496,12800699,0,Internal Staff,1,4
497,52551912,0,Internal Staff,1,4
498,38876714,0,Internal Staff,1,4
499,12100007,0,Internal Staff,1,4
500,69801792,0,Internal Staff,1,4
501,24689365,0,Internal Staff,1,4
502,75745290,0,Internal Staff,1,4
503,42023064,0,Internal Staff,1,4
504,25336904,0,Internal Staff,1,4
505,37539742,0,Internal Staff,1,4
506,79744507,0,Internal Staff,1,4
507,51105282,0,Internal Staff,1,4
508,57609604,0,Internal Staff,1,4
509,39895091,0,Internal Staff,1,4
510,43711622,0,Internal Staff,1,4
511,74513122,0,Internal Staff,1,4
512,35650927,0,Internal Staff,1,4
513,43868962,0,Internal Staff,1,4
514,94617763,0,Internal Staff,1,4
515,46020243,0,Internal Staff,1,4
516,19877918,0,Internal Staff,1,4
517,74139104,0,Internal Staff,1,4
518,66675929,0,Internal Staff,1,4
519,90270421,0,Internal Staff,1,4
520,36834216,0,Internal Staff,1,4
521,25115206,0,Internal Staff,1,4
522,77695250,0,Internal Staff,1,4
523,41531568,0,Internal Staff,1,4
524,49284707,0,Internal Staff,1,4
525,11160045,0,Internal Staff,1,4
526,83326766,0,Internal Staff,1,4
527,20086433,0,Internal Staff,1,4
528,62649641,0,Internal Staff,1,4
529,12468811,0,Internal Staff,1,4
530,11807140,0,Internal Staff,1,4
531,71489993,0,Internal Staff,1,4
532,42018374,0,Internal Staff,1,4
533,55320724,0,Internal Staff,1,4
534,17058574,0,Internal Staff,1,4
535,70033341,0,Internal Staff,1,4
536,67347400,0,Internal Staff,1,4
537,80984366,0,Internal Staff,1,4
538,38607475,0,Internal Staff,1,4
539,88666220,0,Internal Staff,1,4
540,47679633,0,Internal Staff,1,4
541,19684637,0,Internal Staff,1,4
542,96185694,0,Internal Staff,1,4
543,66361284,0,Internal Staff,1,4
544,23652870,0,Internal Staff,1,4
545,16148509,0,Internal Staff,1,4
546,32657030,0,Internal Staff,1,4
547,64268854,0,Internal Staff,1,4
548,14252486,0,Internal Staff,1,4
549,73411132,0,Internal Staff,1,4
550,86671595,0,Internal Staff,1,4
551,29499365,0,Internal Staff,1,4
552,95587159,0,Internal Staff,1,4
553,20017427,0,Internal Staff,1,4
554,25329709,0,ABJ,2,0
555,81812052,0,ABJ,2,0
556,35409129,0,ABJ,2,0
557,52262477,0,ABJ,2,0
558,31667751,0,ABJ,2,0
559,78417424,0,ABJ,2,0
560,67992304,0,ABJ,2,0
561,58089617,0,ABJ,2,0
562,87037592,0,ABJ,2,0
563,33987076,0,ABJ,2,0
564,67259584,0,AGD,2,0
565,12990167,0,AGI,2,0
566,78854963,0,AGS,2,0
567,70591030,0,AHA,2,0
568,28316579,0,AJO,2,0
569,46323678,0,ALS,2,0
570,53498320,0,AOY,2,0
571,80613886,0,APY,2,0
572,34779955,0,AQR,2,0
573,23567166,0,AXO,2,0
574,76410027,0,BBJ,2,0
575,52321033,0,BBJ,2,0
576,19811271,0,BDL,2,0
577,25698924,0,BET,2,0
578,11593534,0,BFH,2,0
579,70451535,0,BFH,2,0
580,86259708,0,BFH,2,0
581,25650728,0,BFH,2,0
582,92628096,0,BFH,2,0
583,57697987,0,BGB,2,0
584,16096296,0,BGB,2,0
585,71695016,0,BKO,2,0
586,24900582,0,BKO,2,0
587,55435304,0,BKS,2,0
588,90032324,0,BKZ,2,0
589,88312395,0,BLW,2,0
590,43643505,0,BNA,2,0
591,81608677,0,BNA,2,0
592,76647995,0,BNA,2,0
593,27333454,0,BOS,2,0
594,57779578,0,BRB,2,0
595,66400534,0,BVE,2,0
596,31238956,0,BVX,2,0
597,83030145,0,BVX,2,0
598,51517032,0,BWI,2,0
599,66920930,0,BYG,2,0
600,62754987,0,BYG,2,0
601,50977939,0,CAC,2,0
602,36615306,0,CAN,2,0
603,39405862,0,CBA,2,0
604,98122584,0,CCR,2,0
605,76125285,0,CEN,2,0
606,89806320,0,CEN,2,0
607,13940997,0,CEN,2,0
608,40891673,0,CFG,2,0
609,78753169,0,CKI,2,0
610,30033836,0,CLJ,2,0
611,97971679,0,CMM,2,0
612,41509090,0,CMM,2,0
613,13603846,0,CMM,2,0
614,56180838,0,CMM,2,0
615,43923857,0,CMM,2,0
616,70507765,0,CMM,2,0
617,61643324,0,CMM,2,0
618,67100588,0,CMM,2,0
619,71396530,0,CMM,2,0
620,72546104,0,CMM,2,0
621,16511545,0,CUS,2,0
622,51106941,0,CUS,2,0
623,33218411,0,CUS,2,0
624,55184139,0,CUS,2,0
625,54207988,0,CXT,2,0
626,55706336,0,DAL,2,0
627,28019320,0,DAL,2,0
628,79164565,0,DAL,2,0
629,43435224,0,DAL,2,0
630,89781911,0,DAV,2,0
631,17398131,0,DFB,2,0
632,67944089,0,DFP,2,0
633,36323773,0,DFP,2,0
634,67355648,0,DFP,2,0
635,88885172,0,DFP,2,0
636,98343752,0,DGH,2,0
637,25695078,0,DJQ,2,0
638,14831587,0,DKC,2,0
639,40268184,0,DLQ,2,0
640,30679604,0,DML,2,0
641,29306935,0,DRS,2,0
642,50313833,0,DUK,2,0
643,62745710,0,DVH,2,0
644,70401342,0,DVH,2,0
645,36394325,0,DXK,2,0
646,45598964,0,DXK,2,0
647,43329084,0,EAA,2,0
648,34467749,0,EAD,2,0
649,88555881,0,EBI,2,0
650,68302023,0,EBI,2,0
651,53407340,0,EBI,2,0
652,56093698,0,EBI,2,0
653,43970609,0,EBI,2,0
654,61331246,0,EBI,2,0
655,45447773,0,EBI,2,0
656,44063604,0,EBI,2,0
657,49202969,0,EBI,2,0
658,64542335,0,EBI,2,0
659,49346206,0,EBI,2,0
660,86123341,0,EBI,2,0
661,89092825,0,EBI,2,0
662,39139744,0,EBI,2,0
663,21626519,0,EBI,2,0
664,82780670,0,ECP,2,0
665,30606677,0,ECQ,2,0
666,79773421,0,EED,2,0
667,60287189,0,EFF,2,0
668,97344025,0,EGQ,2,0
669,32319316,0,EGQ,2,0
670,16743992,0,EGQ,2,0
671,68397253,0,ENA,2,0
672,68191621,0,EPV,2,0
673,72389710,0,ETU,2,0
674,84388589,0,EUL,2,0
675,25404331,0,EUL,2,0
676,75075505,0,EWR,2,0
677,45481612,0,EWR,2,0
678,23494717,0,EWR,2,0
679,73397872,0,EWR,2,0
680,80061868,0,EWR,2,0
681,43075777,0,EWR,2,0
682,40731706,0,EWR,2,0
683,67026398,0,EWR,2,0
684,94381312,0,EWR,2,0
685,18960602,0,EXN,2,0
686,21716000,0,EXR,2,0
687,82246014,0,FGQ,2,0
688,14472681,0,FJZ,2,0
689,49413998,0,FKO,2,0
690,32057903,0,FSP,2,0
691,41671633,0,FTQ,2,0
692,84024042,0,FTQ,2,0
693,34691065,0,FTQ,2,0
694,32911789,0,FWQ,2,0
695,82081998,0,FWQ,2,0
696,59618740,0,FWQ,2,0
697,52792966,0,FXN,2,0
698,80262795,0,GBI,2,0
699,79618856,0,GBI,2,0
700,64194816,0,GBI,2,0
701,74270554,0,GBI,2,0
702,16840476,0,GER,2,0
703,17630156,0,GFE,2,0
704,90967214,0,GGI,2,0
705,51970824,0,GHU,2,0
706,80521407,0,GHW,2,0
707,45446348,0,GIW,2,0
708,98308116,0,GKA,2,0
709,55221399,0,GKD,2,0
710,25452100,0,GLB,2,0
711,69933643,0,GLB,2,0
712,96449978,0,GLQ,2,0
713,42618960,0,GOH,2,0
714,86982045,0,GUP,2,0
715,60226676,0,GVT,2,0
716,48038808,0,GVT,2,0
717,20694549,0,GZL,2,0
718,91733067,0,HFB,2,0
719,93049357,0,HFW,2,0
720,64014948,0,HGV,2,0
721,39584065,0,HJD,2,0
722,91798275,0,HKD,2,0
723,35663986,0,HLB,2,0
724,50066854,0,HNR,2,0
725,46110861,0,HNS,2,0
726,64203118,0,HRH,2,0
727,25097205,0,HRH,2,0
728,51235406,0,HST,2,0
729,14285272,0,HST,2,0
730,19435655,0,HST,2,0
731,40738334,0,HTH,2,0
732,79254265,0,HTH,2,0
733,48109787,0,HTH,2,0
734,95526668,0,HUV,2,0
735,16382609,0,HWU,2,0
736,60508600,0,HYZ,2,0
737,51126760,0,HZI,2,0
738,62913927,0,HZI,2,0
739,64821231,0,IBV,2,0
740,18191634,0,IBV,2,0
741,99874208,0,IBV,2,0
742,62050488,0,IBV,2,0
743,32566224,0,IBV,2,0
744,18117394,0,IBV,2,0
745,88803536,0,IBV,2,0
746,75169810,0,IBV,2,0
747,32444726,0,IBV,2,0
748,83377643,0,IBV,2,0
749,44717622,0,IBV,2,0
750,15232236,0,IBV,2,0
751,73620183,0,IBV,2,0
752,92179005,0,IBV,2,0
753,50208258,0,IBV,2,0
754,89644406,0,IBV,2,0
755,64981985,0,IBV,2,0
756,30550275,0,IBV,2,0
757,16051354,0,IEF,2,0
758,24700028,0,IFF,2,0
759,51076612,0,IGI,2,0
760,71651026,0,IGI,2,0
761,55933655,0,ILQ,2,0
762,24063464,0,INH,2,0
763,13395376,0,INH,2,0
764,91199437,0,INH,2,0
765,60101210,0,IWY,2,0
766,84910850,0,IXY,2,0
767,35044672,0,IXY,2,0
768,17650600,0,IYT,2,0
769,81820760,0,IYT,2,0
770,50117457,0,IYT,2,0
771,15416509,0,IYT,2,0
772,65414419,0,IYT,2,0
773,73445080,0,IYT,2,0
774,30686588,0,IYT,2,0
775,98254972,0,IYT,2,0
776,16395160,0,IYT,2,0
777,24270328,0,IYT,2,0
778,68544299,0,IYT,2,0
779,75463241,0,IYT,2,0
780,32705782,0,IYT,2,0
781,80637418,0,IYT,2,0
782,94925136,0,IZS,2,0
783,23947884,0,JCO,2,0
784,82326683,0,JCO,2,0
785,37941919,0,JCO,2,0
786,52349901,0,JCO,2,0
787,19022279,0,JCO,2,0
788,12181959,0,JCO,2,0
789,15693771,0,JCO,2,0
790,85375433,0,JCO,2,0
791,26554471,0,JCO,2,0
792,47075319,0,JCO,2,0
793,80313910,0,JED,2,0
794,93660074,0,JED,2,0
795,35035722,0,JED,2,0
796,98235220,0,JEK,2,0
797,83939800,0,JFW,2,0
798,96868872,0,JHG,2,0
799,72028183,0,JHG,2,0
800,49213652,0,JII,2,0
801,63318994,0,JQV,2,0
802,61477343,0,JUQ,2,0
803,70235545,0,JVL,2,0
804,90471607,0,JWG,2,0
805,78462914,0,JWM,2,0
806,99635521,0,JWM,2,0
807,25496953,0,JYW,2,0
808,72616611,0,JYW,2,0
809,46683736,0,JYW,2,0
810,91720770,0,JZI,2,0
811,85012932,0,JZI,2,0
812,81443351,0,JZI,2,0
813,29841108,0,KAA,2,0
814,33454969,0,KAA,2,0
815,19098359,0,KCS,2,0
816,52261023,0,KCS,2,0
817,99760871,0,KFW,2,0
818,79516167,0,KFW,2,0
819,44192344,0,KFW,2,0
820,64676394,0,KFW,2,0
821,59815057,0,KFW,2,0
822,39029851,0,KFW,2,0
823,46885951,0,KFW,2,0
824,80562146,0,KFW,2,0
825,12874602,0,KFW,2,0
826,50791067,0,KFW,2,0
827,61790795,0,KFW,2,0
828,34291247,0,KFW,2,0
829,72196860,0,KFW,2,0
830,94919643,0,KFW,2,0
831,87482902,0,KFW,2,0
832,40319088,0,KFW,2,0
833,61309538,0,KFW,2,0
834,36582459,0,KFW,2,0
835,27524052,0,KFW,2,0
836,72771013,0,KFW,2,0
837,29970957,0,KFW,2,0
838,63410975,0,KFW,2,0
839,99657000,0,KFW,2,0
840,22730533,0,KFW,2,0
841,52465334,0,KFW,2,0
842,75388316,0,KFW,2,0
843,58520369,0,KFW,2,0
844,54533317,0,KFW,2,0
845,96254482,0,KFW,2,0
846,50942276,0,KFW,2,0
847,82430513,0,KFW,2,0
848,22005521,0,KFW,2,0
849,29694071,0,KFW,2,0
850,75147591,0,KFW,2,0
851,94094971,0,KFW,2,0
852,99812392,0,KFW,2,0
853,11469140,0,KFW,2,0
854,20304750,0,KFW,2,0
855,43889797,0,KFW,2,0
856,66498800,0,KFW,2,0
857,47144460,0,KFW,2,0
858,59030743,0,KFW,2,0
859,67940572,0,KFW,2,0
860,92046057,0,KFW,2,0
861,80576580,0,KFW,2,0
862,92515830,0,KFW,2,0
863,33155769,0,KFW,2,0
864,87934546,0,KFW,2,0
865,74057617,0,KFW,2,0
866,59818392,0,KFW,2,0
867,91745619,0,KFW,2,0
868,73495191,0,KFW,2,0
869,53304955,0,KFW,2,0
870,77594997,0,KFW,2,0
871,56385926,0,KFW,2,0
872,25936192,0,KFW,2,0
873,51134452,0,KFW,2,0
874,56126171,0,KFW,2,0
875,67265443,0,KFW,2,0
876,61807583,0,KFW,2,0
877,39061094,0,KFW,2,0
878,20610314,0,KFW,2,0
879,25559532,0,KFW,2,0
880,82118229,0,KFW,2,0
881,63775583,0,KFW,2,0
882,76758371,0,KFW,2,0
883,45002354,0,KFW,2,0
884,17226755,0,KFW,2,0
885,95889162,0,KFW,2,0
886,66347937,0,KFW,2,0
887,88009187,0,KFW,2,0
888,36073108,0,KFW,2,0
889,98349391,0,KFW,2,0
890,17459074,0,KFW,2,0
891,71375946,0,KFW,2,0
892,28881413,0,KFW,2,0
893,23379482,0,KFW,2,0
894,98682156,0,KFW,2,0
895,53352816,0,KFW,2,0
896,30003725,0,KFW,2,0
897,69433637,0,KFW,2,0
898,83482947,0,KFW,2,0
899,70724149,0,KFW,2,0
900,36707353,0,KFW,2,0
901,78203226,0,KFW,2,0
902,30427961,0,KFW,2,0
903,80089355,0,KFW,2,0
904,15422522,0,KFW,2,0
905,64243345,0,KFW,2,0
906,73575473,0,KFW,2,0
907,86385570,0,KFW,2,0
908,35035673,0,KFW,2,0
909,54829070,0,KFW,2,0
910,34184784,0,KFW,2,0
911,41453559,0,KFW,2,0
912,12057956,0,KFW,2,0
913,90699026,0,KFW,2,0
914,79926009,0,KFW,2,0
915,68170153,0,KFW,2,0
916,49152654,0,KFW,2,0
917,28306327,0,KFW,2,0
918,94209629,0,KFW,2,0
919,32897719,0,KFW,2,0
920,54822799,0,KFW,2,0
921,92771069,0,KFW,2,0
922,37548749,0,KFW,2,0
923,27259905,0,KFW,2,0
924,21126689,0,KFW,2,0
925,98312614,0,KFW,2,0
926,43277822,0,KFW,2,0
927,68763437,0,KFW,2,0
928,72358944,0,KFW,2,0
929,99340631,0,KFW,2,0
930,67371648,0,KFW,2,0
931,52620813,0,KFW,2,0
932,32954078,0,KFW,2,0
933,49410543,0,KFW,2,0
934,46751327,0,KFW,2,0
935,81313943,0,KFW,2,0
936,27988321,0,KFW,2,0
937,54401229,0,KFW,2,0
938,51218602,0,KFW,2,0
939,65734498,0,KFW,2,0
940,34577409,0,KFW,2,0
941,22613521,0,KFW,2,0
942,65427432,0,KFW,2,0
943,22724580,0,KFW,2,0
944,69651139,0,KFW,2,0
945,17358075,0,KFW,2,0
946,99169914,0,KFW,2,0
947,15717184,0,KFW,2,0
948,78018397,0,KFW,2,0
949,83689617,0,KFW,2,0
950,24849444,0,KFW,2,0
951,78915594,0,KFW,2,0
952,96334204,0,KFW,2,0
953,22019682,0,KFW,2,0
954,58011875,0,KFW,2,0
955,23273144,0,KFW,2,0
956,72634271,0,KFW,2,0
957,68368549,0,KFW,2,0
958,58295938,0,KFW,2,0
959,74159038,0,KFW,2,0
960,14013477,0,KFW,2,0
961,57026448,0,KFW,2,0
962,24157460,0,KFW,2,0
963,13276899,0,KFW,2,0
964,80447596,0,KFW,2,0
965,55265750,0,KFW,2,0
966,30818097,0,KFW,2,0
967,27454145,0,KFW,2,0
968,78290215,0,KFW,2,0
969,68909669,0,KFW,2,0
970,79403040,0,KFW,2,0
971,37599918,0,KFW,2,0
972,70769236,0,KFW,2,0
973,41116747,0,KFW,2,0
974,24760960,0,KFW,2,0
975,27550803,0,KFW,2,0
976,18909880,0,KFW,2,0
977,65576393,0,KFW,2,0
978,27250674,0,KFW,2,0
979,28233724,0,KFW,2,0
980,58198058,0,KFW,2,0
981,41675246,0,KFW,2,0
982,55087956,0,KFW,2,0
983,93270550,0,KFW,2,0
984,74617800,0,KFW,2,0
985,81916751,0,KFW,2,0
986,14116376,0,KFW,2,0
987,41320896,0,KFW,2,0
988,42403756,0,KFW,2,0
989,23271988,0,KFW,2,0
990,68922366,0,KFW,2,0
991,53210936,0,KFW,2,0
992,87288960,0,KFW,2,0
993,54312358,0,KFW,2,0
994,60635755,0,KFW,2,0
995,26857803,0,KFW,2,0
996,33155104,0,KFW,2,0
997,54336934,0,KFW,2,0
998,45724387,0,KFW,2,0
999,63458109,0,KFW,2,0
1000,23500306,0,KFW,2,0
1001,50346721,0,KFW,2,0
1002,16989273,0,KFW,2,0
1003,28222665,0,KFW,2,0
1004,88808441,0,KFW,2,0
1005,94735776,0,KFW,2,0
1006,74724797,0,KFW,2,0
1007,15997470,0,KFW,2,0
1008,64230377,0,KFW,2,0
1009,24080013,0,KFW,2,0
1010,78912886,0,KFW,2,0
1011,51990639,0,KFW,2,0
1012,72519908,0,KFW,2,0
1013,74117742,0,KFW,2,0
1014,23337592,0,KFW,2,0
1015,68055855,0,KFW,2,0
1016,26353337,0,KFW,2,0
1017,82327041,0,KFW,2,0
1018,54337964,0,KFW,2,0
1019,20875065,0,KFW,2,0
1020,59093097,0,KFW,2,0
1021,30448034,0,KFW,2,0
1022,66059277,0,KFW,2,0
1023,73044265,0,KFW,2,0
1024,83755900,0,KFW,2,0
1025,40911364,0,KFW,2,0
1026,27737924,0,KFW,2,0
1027,41788911,0,KFW,2,0
1028,79219433,0,KFW,2,0
1029,64199262,0,KFW,2,0
1030,53276238,0,KFW,2,0
1031,20370624,0,KFW,2,0
1032,36795884,0,KFW,2,0
1033,65204959,0,KFW,2,0
1034,42872413,0,KFW,2,0
1035,20256060,0,KFW,2,0
1036,32623359,0,KFW,2,0
1037,67858039,0,KFW,2,0
1038,51743954,0,KFW,2,0
1039,76476533,0,KFW,2,0
1040,16115631,0,KFW,2,0
1041,93834304,0,KFW,2,0
1042,90043969,0,KFW,2,0
1043,87070974,0,KFW,2,0
1044,69171399,0,KFW,2,0
1045,34135181,0,KFW,2,0
1046,67001429,0,KFW,2,0
1047,98282671,0,KFW,2,0
1048,80308875,0,KFW,2,0
1049,65426041,0,KFW,2,0
1050,48168842,0,KFW,2,0
1051,63319863,0,KFW,2,0
1052,22259574,0,KFW,2,0
1053,51181184,0,KFW,2,0
1054,15868526,0,KFW,2,0
1055,37064147,0,KFW,2,0
1056,77582098,0,KFW,2,0
1057,16390475,0,KFW,2,0
1058,56491921,0,KFW,2,0
1059,15429413,0,KFW,2,0
1060,18139781,0,KFW,2,0
1061,99614301,0,KFW,2,0
1062,46651456,0,KFW,2,0
1063,52467314,0,KFW,2,0
1064,16629596,0,KFW,2,0
1065,54157863,0,KFW,2,0
1066,44530390,0,KFW,2,0
1067,97950125,0,KFW,2,0
1068,78851926,0,KFW,2,0
1069,19320911,0,KFW,2,0
1070,15253390,0,KFW,2,0
1071,50415762,0,KFW,2,0
1072,58998548,0,KFW,2,0
1073,93474280,0,KFW,2,0
1074,71978987,0,KFW,2,0
1075,33910554,0,KFW,2,0
1076,40431365,0,KFW,2,0
1077,60498303,0,KFW,2,0
1078,38225056,0,KFW,2,0
1079,63323517,0,KFW,2,0
1080,49737423,0,KFW,2,0
1081,32366576,0,KFW,2,0
1082,89907911,0,KFW,2,0
1083,26308435,0,KFW,2,0
1084,60420209,0,KFW,2,0
1085,19927081,0,KFW,2,0
1086,14206628,0,KFW,2,0
1087,77258007,0,KFW,2,0
1088,93760268,0,KFW,2,0
1089,93874572,0,KFW,2,0
1090,92518742,0,KFW,2,0
1091,48637994,0,KFW,2,0
1092,88751942,0,KFW,2,0
1093,86402269,0,KFW,2,0
1094,51321908,0,KFW,2,0
1095,94810233,0,KFW,2,0
1096,91479272,0,KFW,2,0
1097,93015761,0,KFW,2,0
1098,24578817,0,KFW,2,0
1099,50657157,0,KFW,2,0
1100,31505183,0,KFW,2,0
1101,64931248,0,KFW,2,0
1102,72289476,0,KFW,2,0
1103,34879394,0,KFW,2,0
1104,42538043,0,KFW,2,0
1105,21978829,0,KFW,2,0
1106,76417502,0,KFW,2,0
1107,61949674,0,KFW,2,0
1108,93880302,0,KFW,2,0
1109,77841768,0,KFW,2,0
1110,95031012,0,KFW,2,0
1111,34969130,0,KFW,2,0
1112,75726810,0,KFW,2,0
1113,31002098,0,KFW,2,0
1114,29187895,0,KFW,2,0
1115,80451197,0,KFW,2,0
1116,28589045,0,KFW,2,0
1117,74701911,0,KFW,2,0
1118,59784432,0,KFW,2,0
1119,11233888,0,KFW,2,0
1120,70987637,0,KFW,2,0
1121,37503761,0,KFW,2,0
1122,68800848,0,KFW,2,0
1123,51915261,0,KFW,2,0
1124,81133435,0,KFW,2,0
1125,18457447,0,KFW,2,0
1126,60760884,0,KFW,2,0
1127,15183080,0,KFW,2,0
1128,18603597,0,KFW,2,0
1129,79144974,0,KFW,2,0
1130,29316840,0,KFW,2,0
1131,57836086,0,KFW,2,0
1132,17033500,0,KFW,2,0
1133,58919630,0,KFW,2,0
1134,85996022,0,KFW,2,0
1135,22356897,0,KFW,2,0
1136,58687508,0,KFW,2,0
1137,75477296,0,KFW,2,0
1138,10573511,0,KFW,2,0
1139,49919525,0,KFW,2,0
1140,22450499,0,KFW,2,0
1141,17128820,0,KFW,2,0
1142,53525137,0,KFW,2,0
1143,67478728,0,KFW,2,0
1144,82285103,0,KFW,2,0
1145,84999710,0,KFW,2,0
1146,76593999,0,KFW,2,0
1147,96440671,0,KFW,2,0
1148,93633333,0,KFW,2,0
1149,28271975,0,KFW,2,0
1150,83917426,0,KFW,2,0
1151,52767822,0,KFW,2,0
1152,11172475,0,KFW,2,0
1153,84526869,0,KFW,2,0
1154,55138439,0,KFW,2,0
1155,40915227,0,KFW,2,0
1156,45366382,0,KFW,2,0
1157,45099453,0,KFW,2,0
1158,99715336,0,KFW,2,0
1159,59284988,0,KFW,2,0
1160,72290606,0,KFW,2,0
1161,77338993,0,KFW,2,0
1162,99622512,0,KFW,2,0
1163,37218015,0,KFW,2,0
1164,87806075,0,KFW,2,0
1165,16042240,0,KFW,2,0
1166,39143468,0,KFW,2,0
1167,99202478,0,KFW,2,0
1168,66772711,0,KFW,2,0
1169,33250533,0,KFW,2,0
1170,15142528,0,KFW,2,0
1171,53180119,0,KFW,2,0
1172,13138587,0,KFW,2,0
1173,19706429,0,KFW,2,0
1174,18052163,0,KFW,2,0
1175,67107429,0,KFW,2,0
1176,45933937,0,KFW,2,0
1177,95756702,0,KFW,2,0
1178,65722408,0,KFW,2,0
1179,43042937,0,KFW,2,0
1180,38805134,0,KFW,2,0
1181,80065977,0,KFW,2,0
1182,40226394,0,KFW,2,0
1183,77640525,0,KFW,2,0
1184,13158959,0,KFW,2,0
1185,66538636,0,KFW,2,0
1186,85961099,0,KFW,2,0
1187,27153527,0,KFW,2,0
1188,10459518,0,KFW,2,0
1189,90956591,0,KFW,2,0
1190,72572644,0,KFW,2,0
1191,36892343,0,KFW,2,0
1192,10044102,0,KFW,2,0
1193,61310463,0,KFW,2,0
1194,97248515,0,KFW,2,0
1195,13751460,0,KFW,2,0
1196,60225212,0,KFW,2,0
1197,81403643,0,KFW,2,0
1198,39458543,0,KFW,2,0
1199,81013660,0,KFW,2,0
1200,37854276,0,KHP,2,0
1201,10267682,0,KHP,2,0
1202,86281529,0,KJC,2,0
1203,86499004,0,KKC,2,0
1204,20330881,0,KLD,2,0
1205,60672910,0,KLD,2,0
1206,56283094,0,KND,2,0
1207,63038618,0,KND,2,0
1208,84586555,0,KND,2,0
1209,64110070,0,KND,2,0
1210,61690756,0,KND,2,0
1211,86208451,0,KOS,2,0
1212,27409025,0,KOS,2,0
1213,57016734,0,KPY,2,0
1214,24351780,0,KQI,2,0
1215,57446206,0,KQI,2,0
1216,72944983,0,KQQ,2,0
1217,48252964,0,KQQ,2,0
1218,58075932,0,KRE,2,0
1219,58162463,0,KSD,2,0
1220,76046234,0,KST,2,0
1221,99518532,0,KST,2,0
1222,38503541,0,KTJ,2,0
1223,47626687,0,KTT,2,0
1224,50037864,0,KVQ,2,0
1225,88621662,0,KXN,2,0
1226,21773046,0,KXN,2,0
1227,78080430,0,LAC,2,0
1228,99474396,0,LAC,2,0
1229,59787589,0,LAC,2,0
1230,23543977,0,LBX,2,0
1231,47782504,0,LFA,2,0
1232,97071848,0,LFK,2,0
1233,95123921,0,LFP,2,0
1234,94136005,0,LFT,2,0
1235,87657140,0,LFT,2,0
1236,63373466,0,LFT,2,0
1237,24730966,0,LFT,2,0
1238,47124843,0,LFT,2,0
1239,25326035,0,LGV,2,0
1240,59803485,0,LGY,2,0
1241,20519979,0,LLH,2,0
1242,52276818,0,LLH,2,0
1243,51948267,0,LLH,2,0
1244,33208658,0,LLH,2,0
1245,11846163,0,LLH,2,0
1246,39253597,0,LLO,2,0
1247,86480720,0,LMS,2,0
1248,46541492,0,LRZ,2,0
1249,54318362,0,LRZ,2,0
1250,37681331,0,LRZ,2,0
1251,29814173,0,LRZ,2,0
1252,33296153,0,LRZ,2,0
1253,17436543,0,LUD,2,0
1254,92569502,0,LUE,2,0
1255,20945712,0,LUE,2,0
1256,90817971,0,LWI,2,0
1257,92461098,0,LYB,2,0
1258,60152652,0,LZU,2,0
1259,36954391,0,MCB,2,0
1260,77360286,0,MDP,2,0
1261,86278754,0,MDY,2,0
1262,20143139,0,MKE,2,0
1263,94568262,0,MKW,2,0
1264,32223297,0,MPM,2,0
1265,67622829,0,MRF,2,0
1266,15392187,0,MVL,2,0
1267,92084529,0,MYM,2,0
1268,63632470,0,NFP,2,0
1269,98793419,0,NFP,2,0
1270,32998796,0,NID,2,0
1271,69207251,0,NKD,2,0
1272,86883539,0,NPL,2,0
1273,73794563,0,NPL,2,0
1274,89168471,0,NPV,2,0
1275,92808100,0,NPV,2,0
1276,43260535,0,NYZ,2,0
1277,54018007,0,NYZ,2,0
1278,76850988,0,NYZ,2,0
1279,45193852,0,OBI,2,0
1280,49337901,0,OCF,2,0
1281,12351648,0,OCR,2,0
1282,39446119,0,OCR,2,0
1283,56080738,0,OCR,2,0
1284,81854463,0,ODC,2,0
1285,72410681,0,ODC,2,0
1286,60670603,0,ODC,2,0
1287,78737134,0,OEW,2,0
1288,58357653,0,OGD,2,0
1289,11249670,0,OHQ,2,0
1290,96067629,0,OHQ,2,0
1291,81804955,0,OHQ,2,0
1292,21861699,0,OHQ,2,0
1293,65056118,0,OHQ,2,0
1294,54654676,0,OHQ,2,0
1295,67766766,0,OID,2,0
1296,25923912,0,OID,2,0
1297,35254655,0,OID,2,0
1298,27494550,0,OID,2,0
1299,81376476,0,OID,2,0
1300,80799228,0,ONH,2,0
1301,85033380,0,OOM,2,0
1302,52512232,0,ORR,2,0
1303,28008824,0,OUI,2,0
1304,54983657,0,OUQ,2,0
1305,39626444,0,OUV,2,0
1306,11943759,0,OVK,2,0
1307,57805284,0,OVK,2,0
1308,94396652,0,OVO,2,0
1309,88724632,0,PCD,2,0
1310,31487049,0,PCW,2,0
1311,86889509,0,PCX,2,0
1312,17188127,0,PEJ,2,0
1313,14938570,0,PGE,2,0
1314,99668281,0,PGE,2,0
1315,65835863,0,PGE,2,0
1316,99721833,0,PHO,2,0
1317,94485968,0,PIT,2,0
1318,63110759,0,PJI,2,0
1319,99695316,0,PJI,2,0
1320,54405743,0,PJI,2,0
1321,84173101,0,PJI,2,0
1322,71448897,0,PJI,2,0
1323,97198776,0,PJI,2,0
1324,48508278,0,PJI,2,0
1325,72484788,0,PJI,2,0
1326,51784304,0,PJI,2,0
1327,95561417,0,PJI,2,0
1328,64631109,0,PJI,2,0
1329,40497988,0,PJI,2,0
1330,72215695,0,PJI,2,0
1331,62535903,0,PKF,2,0
1332,34366967,0,PKH,2,0
1333,15801870,0,PKQ,2,0
1334,22681000,0,PMU,2,0
1335,94825497,0,PMU,2,0
1336,76638402,0,PQZ,2,0
1337,69048665,0,PRT,2,0
1338,80141803,0,PRT,2,0
1339,77588856,0,PRT,2,0
1340,28421315,0,PRT,2,0
1341,82707663,0,PRT,2,0
1342,63438768,0,PRT,2,0
1343,77596936,0,PRT,2,0
1344,58846399,0,PRT,2,0
1345,24098394,0,PRT,2,0
1346,62088291,0,PRT,2,0
1347,47707927,0,PRT,2,0
1348,16761506,0,PRT,2,0
1349,43576216,0,PTY,2,0
1350,90192684,0,PUY,2,0
1351,65315841,0,PUY,2,0
1352,38469300,0,PVN,2,0
1353,76943945,0,PXQ,2,0
1354,44344118,0,PXQ,2,0
1355,50768494,0,PXQ,2,0
1356,12382839,0,PXQ,2,0
1357,34897423,0,PXQ,2,0
1358,70359683,0,PZN,2,0
1359,10244697,0,PZN,2,0
1360,94994911,0,QEE,2,0
1361,68241724,0,QEJ,2,0
1362,18126742,0,QEX,2,0
1363,57011024,0,QEX,2,0
1364,47592506,0,QGY,2,0
1365,93466569,0,QJE,2,0
1366,41596092,0,QJU,2,0
1367,51901250,0,QJU,2,0
1368,77486502,0,QKJ,2,0
1369,49691242,0,QMK,2,0
1370,69020642,0,QMK,2,0
1371,62750342,0,QNH,2,0
1372,66566154,0,QNH,2,0
1373,64643703,0,QRF,2,0
1374,65111747,0,QTT,2,0
1375,37175854,0,QTT,2,0
1376,38593143,0,QUK,2,0
1377,65731292,0,QVG,2,0
1378,51616731,0,QVM,2,0
1379,52809719,0,QVM,2,0
1380,68414514,0,QVM,2,0
1381,71517029,0,QVU,2,0
1382,11464149,0,QZD,2,0
1383,27615081,0,QZE,2,0
1384,80860493,0,RCF,2,0
1385,40919636,0,RCF,2,0
1386,86416583,0,RFS,2,0
1387,35348573,0,RFS,2,0
1388,77174502,0,RFS,2,0
1389,43977509,0,RFS,2,0
1390,89443525,0,RFS,2,0
1391,65004396,0,RGW,2,0
1392,27349639,0,RHH,2,0
1393,99960507,0,RHU,2,0
1394,65089057,0,RJU,2,0
1395,15755754,0,RJU,2,0
1396,35516244,0,RJU,2,0
1397,88879464,0,RKJ,2,0
1398,73592295,0,RMO,2,0
1399,47199715,0,RNR,2,0
1400,44365859,0,RNR,2,0
1401,12153728,0,RNR,2,0
1402,98285577,0,RNU,2,0
1403,94421833,0,RSE,2,0
1404,57233007,0,RSY,2,0
1405,84198449,0,RTV,2,0
1406,56509475,0,SAS,2,0
1407,82309023,0,SCB,2,0
1408,92032389,0,SCB,2,0
1409,56351419,0,SCB,2,0
1410,75863812,0,SCB,2,0
1411,52995526,0,SHC,2,0
1412,53712490,0,SJK,2,0
1413,99227195,0,SJK,2,0
1414,97811553,0,SJK,2,0
1415,10796365,0,SJK,2,0
1416,65181729,0,SJK,2,0
1417,59568847,0,SJK,2,0
1418,67158198,0,SJK,2,0
1419,40699849,0,SJK,2,0
1420,76889137,0,SJK,2,0
1421,92768713,0,SJK,2,0
1422,58480373,0,SJK,2,0
1423,40006705,0,SJK,2,0
1424,65240278,0,SJK,2,0
1425,82518617,0,SJK,2,0
1426,56657750,0,SJK,2,0
1427,52019814,0,SJK,2,0
1428,69160341,0,SJK,2,0
1429,52987114,0,SJK,2,0
1430,28318606,0,SJK,2,0
1431,84842503,0,SJK,2,0
1432,34060299,0,SJK,2,0
1433,21578159,0,SJK,2,0
1434,80077209,0,SJS,2,0
1435,81717448,0,SJS,2,0
1436,99784595,0,SJS,2,0
1437,67419914,0,SJS,2,0
1438,64572737,0,SJS,2,0
1439,90556068,0,SJS,2,0
1440,88815583,0,SKN,2,0
1441,54469509,0,SKN,2,0
1442,47624526,0,SKN,2,0
1443,99963870,0,SKN,2,0
1444,93128118,0,SKO,2,0
1445,43245773,0,SKO,2,0
1446,44862224,0,SKO,2,0
1447,45883451,0,SKO,2,0
1448,29436849,0,SKO,2,0
1449,31281997,0,SKO,2,0
1450,97421923,0,SKO,2,0
1451,71000954,0,SKO,2,0
1452,24938130,0,SKO,2,0
1453,61482863,0,SKO,2,0
1454,26515996,0,SKO,2,0
1455,37164421,0,SKO,2,0
1456,77921791,0,SKO,2,0
1457,16624774,0,SKO,2,0
1458,12484526,0,SKO,2,0
1459,19418126,0,SKO,2,0
1460,97381365,0,SKO,2,0
1461,62893376,0,SKO,2,0
1462,54292076,0,SKO,2,0
1463,47242002,0,SKO,2,0
1464,43768908,0,SKO,2,0
1465,38423908,0,SKO,2,0
1466,51364109,0,SKO,2,0
1467,55504315,0,SKO,2,0
1468,15127270,0,SKO,2,0
1469,80062854,0,SKO,2,0
1470,75228203,0,SKO,2,0
1471,45434795,0,SKO,2,0
1472,21975250,0,SKO,2,0
1473,37599484,0,SKO,2,0
1474,74256490,0,SKO,2,0
1475,63572454,0,SKO,2,0
1476,96895135,0,SKO,2,0
1477,84545534,0,SKO,2,0
1478,60672693,0,SKO,2,0
1479,56318314,0,SKO,2,0
1480,89220129,0,SKO,2,0
1481,17719334,0,SKO,2,0
1482,94461635,0,SKO,2,0
1483,18300552,0,SKO,2,0
1484,72125128,0,SKO,2,0
1485,87708166,0,SKO,2,0
1486,32109107,0,SKO,2,0
1487,30304353,0,SKO,2,0
1488,11322634,0,SKO,2,0
1489,20549828,0,SKO,2,0
1490,35570951,0,SKO,2,0
1491,84927261,0,SKO,2,0
1492,88121990,0,SKO,2,0
1493,32601735,0,SKO,2,0
1494,32245838,0,SKO,2,0
1495,27289360,0,SKO,2,0
1496,61684301,0,SKO,2,0
1497,92751482,0,SKO,2,0
1498,69594761,0,SKO,2,0
1499,75194650,0,SKO,2,0
1500,27169390,0,SKO,2,0
1501,31156664,0,SKO,2,0
1502,58429964,0,SKO,2,0
1503,66932923,0,SKO,2,0
1504,74138902,0,SKO,2,0
1505,36646638,0,SKO,2,0
1506,50874172,0,SKO,2,0
1507,26148513,0,SKO,2,0
1508,63667219,0,SKO,2,0
1509,79047721,0,SKO,2,0
1510,13669153,0,SKO,2,0
1511,73761536,0,SKO,2,0
1512,32067248,0,SKO,2,0
1513,15205939,0,SKO,2,0
1514,23666703,0,SKO,2,0
1515,84931293,0,SKO,2,0
1516,78934871,0,SKO,2,0
1517,69885816,0,SKO,2,0
1518,61817734,0,SKO,2,0
1519,57117314,0,SKO,2,0
1520,77164781,0,SKO,2,0
1521,99286400,0,SKO,2,0
1522,78291961,0,SKO,2,0
1523,74068802,0,SKO,2,0
1524,51088232,0,SKO,2,0
1525,11474711,0,SKO,2,0
1526,96117960,0,SKO,2,0
1527,15677966,0,SKO,2,0
1528,37931463,0,SKO,2,0
1529,23089879,0,SKO,2,0
1530,86158430,0,SKO,2,0
1531,91808674,0,SKO,2,0
1532,92531082,0,SKO,2,0
1533,90086562,0,SKO,2,0
1534,93053448,0,SKO,2,0
1535,37618982,0,SKO,2,0
1536,44181181,0,SKO,2,0
1537,94679789,0,SKO,2,0
1538,14912823,0,SKO,2,0
1539,27107671,0,SKO,2,0
1540,57496813,0,SKO,2,0
1541,15884090,0,SKO,2,0
1542,35804823,0,SKO,2,0
1543,92761462,0,SKO,2,0
1544,26594744,0,SKO,2,0
1545,89114044,0,SKO,2,0
1546,39891799,0,SKO,2,0
1547,82278302,0,SKO,2,0
1548,64295685,0,SKO,2,0
1549,23757366,0,SKO,2,0
1550,18171741,0,SKO,2,0
1551,94637470,0,SKO,2,0
1552,56571720,0,SKO,2,0
1553,57313066,0,SKO,2,0
1554,65889884,0,SKO,2,0
1555,79128596,0,SKO,2,0
1556,93318930,0,SKO,2,0
1557,86728020,0,SKO,2,0
1558,77662403,0,SKO,2,0
1559,67631870,0,SKO,2,0
1560,99673634,0,SKO,2,0
1561,63659599,0,SKO,2,0
1562,40195120,0,SKO,2,0
1563,55928149,0,SKO,2,0
1564,54893338,0,SKO,2,0
1565,78352753,0,SKO,2,0
1566,67765605,0,SKO,2,0
1567,14252118,0,SKO,2,0
1568,28400757,0,SKO,2,0
1569,65641863,0,SKO,2,0
1570,24395344,0,SKO,2,0
1571,50632800,0,SKO,2,0
1572,45388373,0,SKO,2,0
1573,29341968,0,SKO,2,0
1574,51357085,0,SKO,2,0
1575,59789207,0,SKO,2,0
1576,34962941,0,SKO,2,0
1577,65067644,0,SKO,2,0
1578,48484722,0,SKO,2,0
1579,47181114,0,SKO,2,0
1580,74951332,0,SKO,2,0
1581,56413915,0,SKO,2,0
1582,45125117,0,SKO,2,0
1583,79447530,0,SKO,2,0
1584,13346742,0,SKO,2,0
1585,10012333,0,SKO,2,0
1586,62504690,0,SKO,2,0
1587,89369391,0,SKO,2,0
1588,78121294,0,SKO,2,0
1589,26640064,0,SKO,2,0
1590,44315586,0,SKO,2,0
1591,44972051,0,SKO,2,0
1592,50605891,0,SKO,2,0
1593,92987292,0,SKO,2,0
1594,34030131,0,SKO,2,0
1595,45258390,0,SKO,2,0
1596,39795808,0,SKO,2,0
1597,59172959,0,SKO,2,0
1598,69894084,0,SKO,2,0
1599,17108461,0,SKO,2,0
1600,66763638,0,SKO,2,0
1601,59223839,0,SKO,2,0
1602,99730544,0,SKO,2,0
1603,91645868,0,SKO,2,0
1604,99597716,0,SKO,2,0
1605,32146835,0,SKO,2,0
1606,17543305,0,SKO,2,0
1607,99351588,0,SKO,2,0
1608,40065102,0,SKO,2,0
1609,46892241,0,SKO,2,0
1610,82591560,0,SKO,2,0
1611,21032425,0,SKO,2,0
1612,93013532,0,SKO,2,0
1613,61246826,0,SKO,2,0
1614,45557275,0,SKO,2,0
1615,90253358,0,SKO,2,0
1616,43599369,0,SKO,2,0
1617,82167130,0,SKO,2,0
1618,70140883,0,SKO,2,0
1619,21775965,0,SKO,2,0
1620,99160714,0,SKO,2,0
1621,68210776,0,SKO,2,0
1622,13946326,0,SKO,2,0
1623,85936789,0,SKO,2,0
1624,60912043,0,SKO,2,0
1625,60745353,0,SKO,2,0
1626,62998134,0,SKO,2,0
1627,93850520,0,SKO,2,0
1628,68627908,0,SKO,2,0
1629,42747155,0,SKO,2,0
1630,10933013,0,SKO,2,0
1631,49745126,0,SKO,2,0
1632,26854067,0,SKO,2,0
1633,46310496,0,SKO,2,0
1634,99689336,0,SKO,2,0
1635,50868264,0,SKO,2,0
1636,78091143,0,SKO,2,0
1637,89486545,0,SKO,2,0
1638,26451531,0,SKO,2,0
1639,61543941,0,SKO,2,0
1640,43158696,0,SKO,2,0
1641,31949496,0,SKO,2,0
1642,94479412,0,SKO,2,0
1643,20145131,0,SKO,2,0
1644,48346389,0,SKO,2,0
1645,84587878,0,SKO,2,0
1646,91370507,0,SKO,2,0
1647,41249370,0,SKO,2,0
1648,31448567,0,SKO,2,0
1649,35190366,0,SKO,2,0
1650,50846655,0,SKO,2,0
1651,44962082,0,SKO,2,0
1652,73539216,0,SKO,2,0
1653,99752426,0,SKO,2,0
1654,45520255,0,SKO,2,0
1655,60364458,0,SKO,2,0
1656,52058991,0,SKO,2,0
1657,48586437,0,SKO,2,0
1658,45648545,0,SKO,2,0
1659,78739428,0,SKO,2,0
1660,44494182,0,SKO,2,0
1661,51146730,0,SKO,2,0
1662,43222915,0,SKO,2,0
1663,79202134,0,SKO,2,0
1664,33525775,0,SKO,2,0
1665,17473588,0,SKO,2,0
1666,42526417,0,SKO,2,0
1667,95609361,0,SKO,2,0
1668,42100053,0,SKO,2,0
1669,82901133,0,SKO,2,0
1670,52276803,0,SKO,2,0
1671,70864192,0,SKO,2,0
1672,52463253,0,SKO,2,0
1673,80009087,0,SKO,2,0
1674,36962800,0,SKO,2,0
1675,14282308,0,SKO,2,0
1676,93814967,0,SKO,2,0
1677,35486428,0,SKO,2,0
1678,53883157,0,SKO,2,0
1679,57578965,0,SKO,2,0
1680,48242606,0,SKO,2,0
1681,89760232,0,SKO,2,0
1682,91029888,0,SKO,2,0
1683,17503547,0,SKO,2,0
1684,70505319,0,SKO,2,0
1685,25670640,0,SKO,2,0
1686,87435667,0,SKO,2,0
1687,69363741,0,SKO,2,0
1688,53521977,0,SKO,2,0
1689,55960885,0,SKO,2,0
1690,11798273,0,SKO,2,0
1691,24333629,0,SLJ,2,0
1692,99446253,0,STG,2,0
1693,17651630,0,SVK,2,0
1694,76556373,0,SVK,2,0
1695,70869333,0,SVK,2,0
1696,67223424,0,SVK,2,0
1697,77865757,0,SWJ,2,0
1698,33220373,0,SWJ,2,0
1699,87864432,0,SWJ,2,0
1700,80151189,0,SWJ,2,0
1701,74644897,0,SWJ,2,0
1702,91108650,0,SWJ,2,0
1703,78343380,0,SWJ,2,0
1704,63517898,0,SXN,2,0
1705,38277199,0,SXN,2,0
1706,78027949,0,SZX,2,0
1707,43425156,0,TAM,2,0
1708,43593826,0,TAM,2,0
1709,35183898,0,TAM,2,0
1710,98048385,0,TAP,2,0
1711,69016703,0,TBV,2,0
1712,96386145,0,TBV,2,0
1713,88098002,0,TBV,2,0
1714,86261254,0,TFM,2,0
1715,87266191,0,TFM,2,0
1716,99496419,0,TFM,2,0
1717,99268360,0,TFM,2,0
1718,10846947,0,TIW,2,0
1719,52572312,0,TIW,2,0
1720,81994915,0,TIW,2,0
1721,50264813,0,TLS,2,0
1722,88698190,0,TMW,2,0
1723,33291103,0,TNW,2,0
1724,93766401,0,TPA,2,0
1725,98002949,0,TPA,2,0
1726,24671905,0,TPA,2,0
1727,80297697,0,TPA,2,0
1728,86160840,0,TPA,2,0
1729,47386598,0,TPA,2,0
1730,40216179,0,TPA,2,0
1731,91686535,0,TQD,2,0
1732,29697129,0,TQD,2,0
1733,91573964,0,TQD,2,0
1734,57233693,0,TQQ,2,0
1735,49232727,0,TQQ,2,0
1736,92761097,0,TQQ,2,0
1737,52127394,0,TRF,2,0
1738,81160393,0,TRF,2,0
1739,88513098,0,TTO,2,0
1740,38020782,0,TXX,2,0
1741,43590174,0,UAD,2,0
1742,70465351,0,UAD,2,0
1743,35531986,0,UEH,2,0
1744,94490829,0,UEH,2,0
1745,13942296,0,UEH,2,0
1746,55987303,0,UEH,2,0
1747,29056541,0,UEH,2,0
1748,97629446,0,UEH,2,0
1749,40936558,0,UEH,2,0
1750,23646206,0,UEH,2,0
1751,73350851,0,UEH,2,0
1752,81841460,0,UFU,2,0
1753,36811659,0,UGO,2,0
1754,75892746,0,UKX,2,0
1755,95552313,0,UKX,2,0
1756,66748845,0,ULQ,2,0
1757,63811650,0,ULQ,2,0
1758,46284860,0,ULQ,2,0
1759,87353903,0,ULY,2,0
1760,21119442,0,UMD,2,0
1761,36991854,0,UPF,2,0
1762,83640070,0,UQL,2,0
1763,69870232,0,UQL,2,0
1764,90776973,0,UTJ,2,0
1765,15633632,0,UUI,2,0
1766,27507696,0,UUW,2,0
1767,20883111,0,UUW,2,0
1768,97123489,0,UVK,2,0
1769,20472792,0,UZI,2,0
1770,96375551,0,VDC,2,0
1771,84182728,0,VDC,2,0
1772,91711920,0,VEU,2,0
1773,41657116,0,VJY,2,0
1774,54758961,0,VKU,2,0
1775,42015077,0,VLD,2,0
1776,92365113,0,VMT,2,0
1777,18778530,0,VMT,2,0
1778,58280815,0,VMT,2,0
1779,19953857,0,VMT,2,0
1780,89344621,0,VMT,2,0
1781,86870752,0,VMT,2,0
1782,92247453,0,VMT,2,0
1783,93355378,0,VMT,2,0
1784,85116495,0,VMY,2,0
1785,40656631,0,VMY,2,0
1786,77801221,0,VQI,2,0
1787,54379409,0,VQU,2,0
1788,37884238,0,VUA,2,0
1789,90805057,0,VUA,2,0
1790,27690240,0,VWC,2,0
1791,27636830,0,WCB,2,0
1792,71347045,0,WEP,2,0
1793,31935417,0,WEX,2,0
1794,20791418,0,WFH,2,0
1795,18865531,0,WFH,2,0
1796,27992647,0,WLL,2,0
1797,38185276,0,WNY,2,0
1798,28945978,0,WNY,2,0
1799,26837950,0,WOK,2,0
1800,65034286,0,WRK,2,0
1801,25083225,0,WSX,2,0
1802,82941296,0,WSX,2,0
1803,91131763,0,WSX,2,0
1804,18633007,0,WSX,2,0
1805,26450659,0,WSX,2,0
1806,41725811,0,WSX,2,0
1807,26305464,0,WSX,2,0
1808,95746817,0,WTH,2,0
1809,73718673,0,WTH,2,0
1810,84797873,0,WTH,2,0
1811,16373935,0,WTH,2,0
1812,15085927,0,WTH,2,0
1813,90775470,0,WTH,2,0
1814,83446430,0,WTH,2,0
1815,30247016,0,WTH,2,0
1816,72051105,0,WTM,2,0
1817,39169911,0,WWW,2,0
1818,31120914,0,WXJ,2,0
1819,91498462,0,WXJ,2,0
1820,73605061,0,WXJ,2,0
1821,15076975,0,WXJ,2,0
1822,13460685,0,WXJ,2,0
1823,97838507,0,WXJ,2,0
1824,46136069,0,WXJ,2,0
1825,87042668,0,WXJ,2,0
1826,67432154,0,WXJ,2,0
1827,42389378,0,WXJ,2,0
1828,49752479,0,WXJ,2,0
1829,88034494,0,WXJ,2,0
1830,56749889,0,WXJ,2,0
1831,80479763,0,WXJ,2,0
1832,46946918,0,WXJ,2,0
1833,99269813,0,WXJ,2,0
1834,91190829,0,WXJ,2,0
1835,67608244,0,WXJ,2,0
1836,55016561,0,WXJ,2,0
1837,40655159,0,WZF,2,0
1838,27975203,0,XCG,2,0
1839,73390467,0,XCI,2,0
1840,92147904,0,XCI,2,0
1841,44638104,0,XEJ,2,0
1842,58919969,0,XGN,2,0
1843,63371124,0,XKV,2,0
1844,73818472,0,XLC,2,0
1845,75650542,0,XLL,2,0
1846,79461975,0,XOC,2,0
1847,27758760,0,XOC,2,0
1848,27902541,0,XOC,2,0
1849,36300735,0,XRO,2,0
1850,92272073,0,XRO,2,0
1851,17258207,0,XVP,2,0
1852,95345510,0,YIP,2,0
1853,96128184,0,YIP,2,0
1854,69619507,0,YIU,2,0
1855,47986706,0,YIU,2,0
1856,97967402,0,YJB,2,0
1857,74161032,0,YJB,2,0
1858,10544621,0,YKT,2,0
1859,84067372,0,YKT,2,0
1860,22585623,0,YKT,2,0
1861,80077193,0,YOP,2,0
1862,92932409,0,YPB,2,0
1863,86755550,0,YPB,2,0
1864,96783502,0,YPB,2,0
1865,72337287,0,YPB,2,0
1866,24440735,0,YPB,2,0
1867,32926084,0,YPB,2,0
1868,42795548,0,YTH,2,0
1869,71574469,0,YTI,2,0
1870,63963514,0,YTI,2,0
1871,40994173,0,YTI,2,0
1872,91233107,0,YTI,2,0
1873,31090447,0,YTI,2,0
1874,10049135,0,YTI,2,0
1875,55022748,0,YTI,2,0
1876,96958799,0,YTI,2,0
1877,16779555,0,YTI,2,0
1878,66541867,0,YTI,2,0
1879,33612688,0,YTI,2,0
1880,70634994,0,YTI,2,0
1881,65505453,0,YTI,2,0
1882,85288096,0,YTI,2,0
1883,52203414,0,YTI,2,0
1884,41648094,0,YVN,2,0
1885,10320396,0,YVN,2,0
1886,59445715,0,YVN,2,0
1887,89237939,0,YXA,2,0
1888,66518352,0,YXA,2,0
1889,47317715,0,YXA,2,0
1890,57847301,0,YXA,2,0
1891,67314729,0,YXA,2,0
1892,10489897,0,ZBP,2,0
1893,27211275,0,ZBP,2,0
1894,31471133,0,ZBP,2,0
1895,33112320,0,ZBP,2,0
1896,59592606,0,ZBP,2,0
1897,97389029,0,ZBP,2,0
1898,91742949,0,ZCJ,2,0
1899,93056590,0,ZCW,2,0
1900,22801297,0,ZDO,2,0
1901,52513305,0,ZDO,2,0
1902,58327330,0,ZDO,2,0
1903,49675098,0,ZIA,2,0
1904,94708348,0,ZIA,2,0
1905,31677456,0,ZMB,2,0
1906,14359718,0,ZMB,2,0
1907,91156407,0,ZMO,2,0
1908,97742089,0,ZOS,2,0
1909,74955731,0,ZPU,2,0
1910,40162826,0,ZPU,2,0
1911,50343741,0,ZPU,2,0
1912,20220398,0,ZPU,2,0
1913,94721731,0,ZRF,2,0
1914,94897415,0,ZRP,2,0
1915,98692747,0,ZRP,2,0
1916,57717716,0,ZUE,2,0
1917,84684523,0,ZUE,2,0
1918,42898669,0,ZXM,2,0
1919,56480277,0,ZXM,2,0
1920,64580371,0,ZXM,2,0
1921,33441137,0,ZXM,2,0
1922,17742604,0,ZXM,2,0
1923,24077086,0,ZXM,2,0
1924,51909097,0,ZXM,2,0
1925,40733113,0,ZXM,2,0
1926,65757660,0,ZXY,2,0
1927,38489215,0,ZZT,2,0
