	Node	PI/Not a PI	Organisation	Internal Staff vs. External Staff	Faculty
240	68454489	1	Internal Staff	1	2
241	36428007	1	Internal Staff	1	2
242	61570440	1	Internal Staff	1	2
243	54143168	1	Internal Staff	1	2
244	56034484	1	Internal Staff	1	2
245	54499417	1	Internal Staff	1	2
246	11213945	2	Internal Staff	1	2
247	39108817	1	Internal Staff	1	2
248	40199761	2	Internal Staff	1	2
249	67946093	2	Internal Staff	1	2
250	52527527	1	Internal Staff	1	2
251	55187179	1	Internal Staff	1	2
252	70305156	2	Internal Staff	1	2
253	82290374	2	Internal Staff	1	2
254	89534144	2	Internal Staff	1	2
255	29453815	2	Internal Staff	1	2
256	98621483	2	Internal Staff	1	2
257	43986085	1	Internal Staff	1	2
258	70318894	1	Internal Staff	1	2
259	92856880	2	Internal Staff	1	2
260	39433648	2	Internal Staff	1	2
261	55589090	2	Internal Staff	1	2
262	92996508	2	Internal Staff	1	2
263	94921615	2	Internal Staff	1	2
264	96822852	1	Internal Staff	1	2
265	73948861	2	Internal Staff	1	2
266	40326129	1	Internal Staff	1	2
267	39124998	2	Internal Staff	1	2
268	64040463	2	Internal Staff	1	2
269	81786442	2	Internal Staff	1	2
270	85149798	2	Internal Staff	1	2
271	91744306	1	Internal Staff	1	2
272	40458265	2	Internal Staff	1	2
273	22760083	2	Internal Staff	1	2
274	40786083	2	Internal Staff	1	2
275	98189454	1	Internal Staff	1	2
276	34513296	1	Internal Staff	1	2
277	52491248	2	Internal Staff	1	2
278	88585503	2	Internal Staff	1	2
279	97670495	2	Internal Staff	1	2
280	52111813	2	Internal Staff	1	2
281	89170517	2	Internal Staff	1	2
282	92625594	1	Internal Staff	1	2
283	51656141	2	Internal Staff	1	2
284	87700673	2	Internal Staff	1	2
285	26120352	2	Internal Staff	1	2
286	14981656	2	Internal Staff	1	2
287	19361976	2	Internal Staff	1	2
288	19886748	2	Internal Staff	1	2
289	25696976	2	Internal Staff	1	2
290	32550572	2	Internal Staff	1	2
291	33359265	2	Internal Staff	1	2
292	33868824	2	Internal Staff	1	2
293	35921193	2	Internal Staff	1	2
294	36424914	2	Internal Staff	1	2
295	43637207	2	Internal Staff	1	2
296	47506779	2	Internal Staff	1	2
297	58041365	2	Internal Staff	1	2
298	59869965	2	Internal Staff	1	2
299	60258070	2	Internal Staff	1	2
300	68783781	2	Internal Staff	1	2
301	79037330	2	Internal Staff	1	2
302	82532054	2	Internal Staff	1	2
303	98073039	2	Internal Staff	1	2
304	99235145	2	Internal Staff	1	2
305	13509795	2	Internal Staff	1	2
306	18080421	2	Internal Staff	1	2
307	23856294	2	Internal Staff	1	2
308	31998234	2	Internal Staff	1	2
309	32193502	2	Internal Staff	1	2
310	43611232	2	Internal Staff	1	2
311	65547188	2	Internal Staff	1	2
312	66601412	2	Internal Staff	1	2
313	76167198	2	Internal Staff	1	2
314	78997086	2	Internal Staff	1	2
315	85412481	2	Internal Staff	1	2
316	85623100	2	Internal Staff	1	2
317	91144009	2	Internal Staff	1	2
318	66749136	2	Internal Staff	1	2
319	64833951	2	Internal Staff	1	2
320	88419861	1	Internal Staff	1	2
321	20069049	2	Internal Staff	1	2
322	58418053	2	Internal Staff	1	2
323	98148260	2	Internal Staff	1	2
324	29123782	2	Internal Staff	1	2
325	26340893	1	Internal Staff	1	2
326	65468552	1	Internal Staff	1	2
327	10162360	2	Internal Staff	1	2
328	26537570	1	Internal Staff	1	2
329	38231142	2	Internal Staff	1	2
330	99531049	2	Internal Staff	1	2
331	68399315	2	Internal Staff	1	2
332	68625039	2	Internal Staff	1	2
333	10850486	2	Internal Staff	1	2
334	17613163	2	Internal Staff	1	2
335	25676723	2	Internal Staff	1	2
336	29767267	2	Internal Staff	1	2
337	37832847	2	Internal Staff	1	2
338	38793167	2	Internal Staff	1	2
339	45687683	2	Internal Staff	1	2
340	51397916	2	Internal Staff	1	2
341	52261094	2	Internal Staff	1	2
342	57964589	2	Internal Staff	1	2
343	66938100	2	Internal Staff	1	2
344	69643382	2	Internal Staff	1	2
345	73744849	2	Internal Staff	1	2
346	95406124	2	Internal Staff	1	2
347	99494656	2	Internal Staff	1	2
348	37352343	1	Internal Staff	1	2
349	22061706	1	Internal Staff	1	2
350	58341008	2	Internal Staff	1	2
351	61143587	2	Internal Staff	1	2
352	85915387	2	Internal Staff	1	2
353	91072802	2	Internal Staff	1	2
354	65435968	1	Internal Staff	1	2
355	31517511	2	Internal Staff	1	2
356	91025211	2	Internal Staff	1	2
357	88501063	2	Internal Staff	1	2
358	89487878	2	Internal Staff	1	2
359	91040228	2	Internal Staff	1	2
360	24766482	2	Internal Staff	1	2
361	30621101	2	Internal Staff	1	2
362	46243400	2	Internal Staff	1	2
363	17918131	1	Internal Staff	1	2
364	62144110	2	Internal Staff	1	2
365	97716803	2	Internal Staff	1	2
366	98110937	2	Internal Staff	1	2
367	63344198	2	Internal Staff	1	2
368	63909204	2	Internal Staff	1	2
369	65749424	1	Internal Staff	1	2
370	80663477	2	Internal Staff	1	2
371	17991501	2	Internal Staff	1	2
372	46878499	2	Internal Staff	1	2
373	78180144	2	Internal Staff	1	2
374	48119858	2	Internal Staff	1	2
375	56185396	2	Internal Staff	1	2
376	70247785	2	Internal Staff	1	2
377	49446368	2	Internal Staff	1	2
378	50623665	2	Internal Staff	1	2
379	19639353	2	Internal Staff	1	2
380	55337859	2	Internal Staff	1	2
381	44241712	2	Internal Staff	1	2
382	16011892	2	Internal Staff	1	2
383	48625576	2	Internal Staff	1	2
384	53414185	2	Internal Staff	1	2
385	82126353	2	Internal Staff	1	2
386	64410724	1	Internal Staff	1	1
387	52840341	2	Internal Staff	1	1
388	75167945	1	Internal Staff	1	1
389	69698888	2	Internal Staff	1	1
390	22664974	2	Internal Staff	1	1
391	89894198	2	Internal Staff	1	1
392	72963367	2	Internal Staff	1	1
393	99365527	2	Internal Staff	1	1
394	31512608	2	Internal Staff	1	1
395	56708515	2	Internal Staff	1	1
396	46592945	2	Internal Staff	1	1
397	67324999	2	Internal Staff	1	1
398	75805942	2	Internal Staff	1	1
399	22701711	2	Internal Staff	1	1
400	66451506	2	Internal Staff	1	1
401	77795114	1	Internal Staff	1	1
402	83979631	2	Internal Staff	1	1
403	90068471	2	Internal Staff	1	1
404	12811381	2	Internal Staff	1	1
405	18797839	1	Internal Staff	1	1
406	20129124	2	Internal Staff	1	1
407	44105450	2	Internal Staff	1	1
408	55662086	2	Internal Staff	1	1
409	58961111	2	Internal Staff	1	1
410	98146154	2	Internal Staff	1	1
411	27742873	2	Internal Staff	1	1
412	41902096	2	Internal Staff	1	1
413	42465713	2	Internal Staff	1	1
414	53181317	2	Internal Staff	1	1
415	79893241	2	Internal Staff	1	1
416	91680829	1	Internal Staff	1	1
417	92021548	2	Internal Staff	1	1
418	92911885	2	Internal Staff	1	1
419	97794113	2	Internal Staff	1	1
420	23400125	2	Internal Staff	1	1
421	52811724	2	Internal Staff	1	1
422	52862428	2	Internal Staff	1	1
423	81003273	2	Internal Staff	1	1
424	48094348	2	Internal Staff	1	1
425	14932602	2	Internal Staff	1	1
426	20960191	2	Internal Staff	1	1
427	78271868	1	Internal Staff	1	1
428	88352127	2	Internal Staff	1	1
429	67725898	1	Internal Staff	1	1
430	55870445	1	Internal Staff	1	1
431	76282315	2	Internal Staff	1	1
432	26451195	1	Internal Staff	1	1
433	74808839	2	Internal Staff	1	1
434	99679703	2	Internal Staff	1	1
435	14603975	2	Internal Staff	1	1
436	32427836	2	Internal Staff	1	1
437	15259445	2	Internal Staff	1	1
438	21648930	2	Internal Staff	1	1
439	23820000	2	Internal Staff	1	1
440	24215729	2	Internal Staff	1	1
441	29705789	2	Internal Staff	1	1
442	30327814	2	Internal Staff	1	1
443	30483914	2	Internal Staff	1	1
444	33943990	2	Internal Staff	1	1
445	41088550	2	Internal Staff	1	1
446	42207744	2	Internal Staff	1	1
447	52125232	2	Internal Staff	1	1
448	55797810	2	Internal Staff	1	1
449	62439051	2	Internal Staff	1	1
450	75384546	2	Internal Staff	1	1
451	92452327	2	Internal Staff	1	1
452	29843366	2	Internal Staff	1	1
453	63408863	2	Internal Staff	1	1
454	11055140	2	Internal Staff	1	1
455	69465338	2	Internal Staff	1	1
456	75802831	2	Internal Staff	1	3
457	63638678	2	Internal Staff	1	3
458	32668128	2	Internal Staff	1	3
459	39391756	2	Internal Staff	1	3
460	95355210	2	Internal Staff	1	3
461	48891962	2	Internal Staff	1	3
462	74186656	2	Internal Staff	1	3
463	64567800	2	Internal Staff	1	3
464	29511878	2	Internal Staff	1	3
465	77133030	2	Internal Staff	1	3
466	88248890	2	Internal Staff	1	3
467	93979016	2	Internal Staff	1	3
468	18007899	1	Internal Staff	1	3
469	74232415	2	Internal Staff	1	3
470	49343429	2	Internal Staff	1	3
471	35996630	2	Internal Staff	1	3
472	28916522	2	Internal Staff	1	3
473	47834074	2	Internal Staff	1	3
474	50379151	1	Internal Staff	1	3
475	84670996	1	Internal Staff	1	3
476	62306091	2	Internal Staff	1	3
477	22229355	2	Internal Staff	1	3
478	58233094	2	Internal Staff	1	3
479	51442218	2	Internal Staff	1	3
480	40070800	2	Internal Staff	1	3
481	26320225	2	Internal Staff	1	3
482	89562352	2	Internal Staff	1	3
483	22372749	2	Internal Staff	1	3
484	30407538	1	Internal Staff	1	3
485	65317644	2	Internal Staff	1	3
486	95405394	2	Internal Staff	1	3
487	21942067	2	Internal Staff	1	3
488	22926416	2	Internal Staff	1	3
489	37784142	2	Internal Staff	1	3
490	58866748	1	Internal Staff	1	3
491	70233551	2	Internal Staff	1	3
492	81733518	2	Internal Staff	1	3
493	45392482	2	Internal Staff	1	3
494	51868029	1	Internal Staff	1	3
495	14817624	1	Internal Staff	1	3
496	55360959	2	Internal Staff	1	3
497	13224469	1	Internal Staff	1	3
498	79772585	2	Internal Staff	1	3
499	66003097	2	Internal Staff	1	3
500	90144202	2	Internal Staff	1	3
501	95012705	2	Internal Staff	1	3
502	26642353	2	Internal Staff	1	3
503	85697487	2	Internal Staff	1	3
504	85706014	2	Internal Staff	1	3
505	42387028	1	Internal Staff	1	3
506	60689704	2	Internal Staff	1	3
507	66996609	2	Internal Staff	1	3
508	50070388	2	Internal Staff	1	3
509	28153747	1	Internal Staff	1	3
510	57820559	2	Internal Staff	1	3
511	90586285	2	Internal Staff	1	3
512	90955050	2	Internal Staff	1	3
513	29370717	2	Internal Staff	1	3
514	60245706	2	Internal Staff	1	3
515	67745551	1	Internal Staff	1	3
516	44434653	1	Internal Staff	1	3
517	15410249	2	Internal Staff	1	3
518	17300961	2	Internal Staff	1	3
519	39613940	2	Internal Staff	1	3
520	71323513	1	Internal Staff	1	3
521	38450356	2	Internal Staff	1	3
522	56340311	2	Internal Staff	1	3
523	32013479	2	Internal Staff	1	3
524	19242451	2	Internal Staff	1	3
525	33581520	1	Internal Staff	1	3
526	93942195	2	Internal Staff	1	3
527	19638872	2	Internal Staff	1	3
528	19718652	2	Internal Staff	1	3
529	28738958	1	Internal Staff	1	3
530	34437873	2	Internal Staff	1	3
531	76583498	2	Internal Staff	1	3
532	88336017	2	Internal Staff	1	3
533	98775027	2	Internal Staff	1	3
534	50632751	2	Internal Staff	1	3
535	27923681	2	Internal Staff	1	3
536	91352307	1	Internal Staff	1	3
537	65722489	2	Internal Staff	1	3
538	90226032	1	Internal Staff	1	3
539	16431455	2	Internal Staff	1	3
540	22122058	2	Internal Staff	1	3
541	28066843	2	Internal Staff	1	3
542	51277200	2	Internal Staff	1	3
543	73797754	2	Internal Staff	1	3
544	12568610	1	Internal Staff	1	3
545	49991169	2	Internal Staff	1	3
546	26342005	2	Internal Staff	1	3
547	35098509	2	Internal Staff	1	3
548	38264207	2	Internal Staff	1	3
549	42677048	2	Internal Staff	1	3
550	52813611	2	Internal Staff	1	3
551	57829129	2	Internal Staff	1	3
552	69849440	2	Internal Staff	1	3
553	73307117	2	Internal Staff	1	3
554	76343121	2	Internal Staff	1	3
555	26656453	1	Internal Staff	1	3
556	67165822	2	Internal Staff	1	3
557	60148545	2	Internal Staff	1	3
558	44922036	1	Internal Staff	1	3
559	70309809	2	Internal Staff	1	3
560	13561646	2	Internal Staff	1	3
561	18786145	1	Internal Staff	1	3
562	20346140	2	Internal Staff	1	3
563	54410438	2	Internal Staff	1	3
564	54581329	2	Internal Staff	1	3
565	62470495	2	Internal Staff	1	3
566	25395751	2	Internal Staff	1	3
567	37306764	2	Internal Staff	1	3
568	80940819	2	Internal Staff	1	3
569	85478689	2	Internal Staff	1	3
570	55250322	1	Internal Staff	1	3
571	74935658	1	Internal Staff	1	3
572	95867087	2	Internal Staff	1	3
573	38296105	2	Internal Staff	1	3
574	52653703	2	Internal Staff	1	3
575	97611969	1	Internal Staff	1	3
576	92151005	1	Internal Staff	1	3
577	19768805	2	Internal Staff	1	3
578	23192030	2	Internal Staff	1	3
579	67469330	2	Internal Staff	1	3
580	70057133	2	Internal Staff	1	3
581	90223168	2	Internal Staff	1	3
582	91368879	1	Internal Staff	1	3
583	24285579	2	Internal Staff	1	3
584	12295023	2	Internal Staff	1	3
585	14102348	2	Internal Staff	1	3
586	32706312	1	Internal Staff	1	3
587	32921606	2	Internal Staff	1	3
588	40834970	2	Internal Staff	1	3
589	47459630	2	Internal Staff	1	3
590	66716073	2	Internal Staff	1	3
591	93296671	2	Internal Staff	1	3
592	60431527	2	Internal Staff	1	3
593	80999514	2	Internal Staff	1	3
594	31720548	2	Internal Staff	1	3
595	31921936	2	Internal Staff	1	3
596	65026743	2	Internal Staff	1	3
597	26440481	2	Internal Staff	1	3
598	49610905	2	Internal Staff	1	3
599	72220265	2	Internal Staff	1	3
600	90420931	2	Internal Staff	1	3
601	95665204	1	Internal Staff	1	3
602	10083151	2	Internal Staff	1	3
603	27719754	2	Internal Staff	1	3
604	23716141	2	Internal Staff	1	3
605	36727782	2	Internal Staff	1	3
606	37752742	2	Internal Staff	1	3
607	44742831	2	Internal Staff	1	3
608	53654827	2	Internal Staff	1	3
609	54977933	2	Internal Staff	1	3
610	59399240	2	Internal Staff	1	3
611	87243668	2	Internal Staff	1	3
612	90326364	2	Internal Staff	1	3
613	90648238	2	Internal Staff	1	3
614	95425017	2	Internal Staff	1	3
615	29728603	1	Internal Staff	1	3
616	37433890	2	Internal Staff	1	3
617	86783299	2	Internal Staff	1	3
618	46821111	2	Internal Staff	1	3
619	93617957	2	Internal Staff	1	3
620	26244251	2	Internal Staff	1	3
621	50627686	2	Internal Staff	1	3
622	53542119	2	Internal Staff	1	3
623	37637352	2	Internal Staff	1	3
624	73321207	2	Internal Staff	1	3
625	87591488	2	Internal Staff	1	3
626	29339990	1	Internal Staff	1	3
627	45986830	2	Internal Staff	1	3
628	46969237	2	Internal Staff	1	3
629	89564104	2	Internal Staff	1	3
630	28942203	2	Internal Staff	1	3
631	38920288	2	Internal Staff	1	3
632	47473668	2	Internal Staff	1	3
633	68295232	2	Internal Staff	1	3
634	49153402	2	Internal Staff	1	3
635	73947776	2	Internal Staff	1	3
636	94991333	1	Internal Staff	1	3
637	56832536	2	Internal Staff	1	3
638	79176333	2	Internal Staff	1	3
639	91805536	2	Internal Staff	1	3
640	94511957	2	Internal Staff	1	3
641	22273594	2	Internal Staff	1	3
642	27329343	2	Internal Staff	1	3
643	41579687	2	Internal Staff	1	3
644	44532410	2	Internal Staff	1	3
645	50984631	2	Internal Staff	1	3
646	55793695	2	Internal Staff	1	3
647	71846604	2	Internal Staff	1	3
648	74896622	2	Internal Staff	1	3
649	76698918	2	Internal Staff	1	3
650	92686928	2	Internal Staff	1	3
651	91128640	1	Internal Staff	1	3
652	44207227	1	Internal Staff	1	3
653	50243699	2	Internal Staff	1	3
654	57943081	2	Internal Staff	1	3
655	63276540	2	Internal Staff	1	3
656	98229284	2	Internal Staff	1	3
657	98473661	2	Internal Staff	1	3
658	21967828	2	Internal Staff	1	3
659	61044916	1	Internal Staff	1	3
660	13910940	2	Internal Staff	1	3
661	27795888	2	Internal Staff	1	3
662	51653897	2	Internal Staff	1	3
663	56721313	1	Internal Staff	1	3
664	22253048	2	Internal Staff	1	3
665	69026915	1	Internal Staff	1	3
666	85641797	2	Internal Staff	1	3
667	77097931	2	Internal Staff	1	3
668	43884519	2	Internal Staff	1	3
669	54178386	2	Internal Staff	1	3
670	78595227	2	Internal Staff	1	3
671	31369531	2	Internal Staff	1	3
672	66800139	1	Internal Staff	1	3
673	20056789	0	Internal Staff	1	4
674	94993848	0	Internal Staff	1	4
675	87684801	0	Internal Staff	1	4
676	71205894	0	Internal Staff	1	4
677	46370622	0	Internal Staff	1	4
678	18455090	0	Internal Staff	1	4
679	57817662	0	Internal Staff	1	4
680	19518413	0	Internal Staff	1	4
681	89539720	0	Internal Staff	1	4
682	48664964	0	Internal Staff	1	4
683	98944067	0	Internal Staff	1	4
684	41325652	0	Internal Staff	1	4
685	37834485	0	Internal Staff	1	4
686	14084981	0	Internal Staff	1	4
687	80133071	0	Internal Staff	1	4
688	94109244	0	Internal Staff	1	4
689	28516069	0	Internal Staff	1	4
690	77778729	0	Internal Staff	1	4
691	56744431	0	Internal Staff	1	4
692	42402168	0	Internal Staff	1	4
693	74793641	0	Internal Staff	1	4
694	14617684	0	Internal Staff	1	4
695	28205175	0	Internal Staff	1	4
696	38630652	0	Internal Staff	1	4
697	93337538	0	Internal Staff	1	4
698	28030564	0	Internal Staff	1	4
699	57907578	0	Internal Staff	1	4
700	63569275	0	Internal Staff	1	4
701	47825174	0	Internal Staff	1	4
702	32147292	0	Internal Staff	1	4
703	73836964	0	Internal Staff	1	4
704	35395400	0	Internal Staff	1	4
705	18595077	0	Internal Staff	1	4
706	88807998	0	Internal Staff	1	4
707	89519453	0	Internal Staff	1	4
708	97635052	0	Internal Staff	1	4
709	56425285	0	Internal Staff	1	4
710	65118792	0	Internal Staff	1	4
711	14277225	0	Internal Staff	1	4
712	92583271	0	Internal Staff	1	4
713	86174544	0	Internal Staff	1	4
714	38082768	0	Internal Staff	1	4
715	73967442	0	Internal Staff	1	4
716	21219019	0	Internal Staff	1	4
717	72502691	0	Internal Staff	1	4
718	33214927	0	Internal Staff	1	4
719	89714048	0	Internal Staff	1	4
720	79308303	0	Internal Staff	1	4
721	93139432	0	Internal Staff	1	4
722	98578754	0	Internal Staff	1	4
723	99743242	0	Internal Staff	1	4
724	44847433	0	Internal Staff	1	4
725	49837540	0	Internal Staff	1	4
726	84558500	0	Internal Staff	1	4
727	57301504	0	Internal Staff	1	4
728	70289829	0	Internal Staff	1	4
729	22308450	0	Internal Staff	1	4
730	46145636	0	Internal Staff	1	4
731	89221564	0	Internal Staff	1	4
732	21860450	0	Internal Staff	1	4
733	74601487	0	Internal Staff	1	4
734	99119653	0	Internal Staff	1	4
735	94491413	0	Internal Staff	1	4
736	12800699	0	Internal Staff	1	4
737	52551912	0	Internal Staff	1	4
738	38876714	0	Internal Staff	1	4
739	12100007	0	Internal Staff	1	4
740	69801792	0	Internal Staff	1	4
741	24689365	0	Internal Staff	1	4
742	75745290	0	Internal Staff	1	4
743	42023064	0	Internal Staff	1	4
744	25336904	0	Internal Staff	1	4
745	37539742	0	Internal Staff	1	4
746	79744507	0	Internal Staff	1	4
747	51105282	0	Internal Staff	1	4
748	57609604	0	Internal Staff	1	4
749	39895091	0	Internal Staff	1	4
750	43711622	0	Internal Staff	1	4
751	74513122	0	Internal Staff	1	4
752	35650927	0	Internal Staff	1	4
753	43868962	0	Internal Staff	1	4
754	94617763	0	Internal Staff	1	4
755	46020243	0	Internal Staff	1	4
756	19877918	0	Internal Staff	1	4
757	74139104	0	Internal Staff	1	4
758	66675929	0	Internal Staff	1	4
759	90270421	0	Internal Staff	1	4
760	36834216	0	Internal Staff	1	4
761	25115206	0	Internal Staff	1	4
762	77695250	0	Internal Staff	1	4
763	41531568	0	Internal Staff	1	4
764	49284707	0	Internal Staff	1	4
765	11160045	0	Internal Staff	1	4
766	83326766	0	Internal Staff	1	4
767	20086433	0	Internal Staff	1	4
768	62649641	0	Internal Staff	1	4
769	12468811	0	Internal Staff	1	4
770	11807140	0	Internal Staff	1	4
771	71489993	0	Internal Staff	1	4
772	42018374	0	Internal Staff	1	4
773	55320724	0	Internal Staff	1	4
774	17058574	0	Internal Staff	1	4
775	70033341	0	Internal Staff	1	4
776	67347400	0	Internal Staff	1	4
777	80984366	0	Internal Staff	1	4
778	38607475	0	Internal Staff	1	4
779	88666220	0	Internal Staff	1	4
780	47679633	0	Internal Staff	1	4
781	19684637	0	Internal Staff	1	4
782	96185694	0	Internal Staff	1	4
783	66361284	0	Internal Staff	1	4
784	23652870	0	Internal Staff	1	4
785	16148509	0	Internal Staff	1	4
786	32657030	0	Internal Staff	1	4
787	64268854	0	Internal Staff	1	4
788	14252486	0	Internal Staff	1	4
789	73411132	0	Internal Staff	1	4
790	86671595	0	Internal Staff	1	4
791	29499365	0	Internal Staff	1	4
792	95587159	0	Internal Staff	1	4
793	20017427	0	Internal Staff	1	4
794	25329709	0	ABJ	2	0
795	81812052	0	ABJ	2	0
796	35409129	0	ABJ	2	0
797	52262477	0	ABJ	2	0
798	31667751	0	ABJ	2	0
799	78417424	0	ABJ	2	0
800	67992304	0	ABJ	2	0
801	58089617	0	ABJ	2	0
802	87037592	0	ABJ	2	0
803	33987076	0	ABJ	2	0
804	67259584	0	AGD	2	0
805	12990167	0	AGI	2	0
806	78854963	0	AGS	2	0
807	70591030	0	AHA	2	0
808	28316579	0	AJO	2	0
809	46323678	0	ALS	2	0
810	53498320	0	AOY	2	0
811	80613886	0	APY	2	0
812	34779955	0	AQR	2	0
813	23567166	0	AXO	2	0
814	76410027	0	BBJ	2	0
815	52321033	0	BBJ	2	0
816	19811271	0	BDL	2	0
817	25698924	0	BET	2	0
818	11593534	0	BFH	2	0
819	70451535	0	BFH	2	0
820	86259708	0	BFH	2	0
821	25650728	0	BFH	2	0
822	92628096	0	BFH	2	0
823	57697987	0	BGB	2	0
824	16096296	0	BGB	2	0
825	71695016	0	BKO	2	0
826	24900582	0	BKO	2	0
827	55435304	0	BKS	2	0
828	90032324	0	BKZ	2	0
829	88312395	0	BLW	2	0
830	43643505	0	BNA	2	0
831	81608677	0	BNA	2	0
832	76647995	0	BNA	2	0
833	27333454	0	BOS	2	0
834	57779578	0	BRB	2	0
835	66400534	0	BVE	2	0
836	31238956	0	BVX	2	0
837	83030145	0	BVX	2	0
838	51517032	0	BWI	2	0
839	66920930	0	BYG	2	0
840	62754987	0	BYG	2	0
841	50977939	0	CAC	2	0
842	36615306	0	CAN	2	0
843	39405862	0	CBA	2	0
844	98122584	0	CCR	2	0
845	76125285	0	CEN	2	0
846	89806320	0	CEN	2	0
847	13940997	0	CEN	2	0
848	40891673	0	CFG	2	0
849	78753169	0	CKI	2	0
850	30033836	0	CLJ	2	0
851	97971679	0	CMM	2	0
852	41509090	0	CMM	2	0
853	13603846	0	CMM	2	0
854	56180838	0	CMM	2	0
855	43923857	0	CMM	2	0
856	70507765	0	CMM	2	0
857	61643324	0	CMM	2	0
858	67100588	0	CMM	2	0
859	71396530	0	CMM	2	0
860	72546104	0	CMM	2	0
861	16511545	0	CUS	2	0
862	51106941	0	CUS	2	0
863	33218411	0	CUS	2	0
864	55184139	0	CUS	2	0
865	54207988	0	CXT	2	0
866	55706336	0	DAL	2	0
867	28019320	0	DAL	2	0
868	79164565	0	DAL	2	0
869	43435224	0	DAL	2	0
870	89781911	0	DAV	2	0
871	17398131	0	DFB	2	0
872	67944089	0	DFP	2	0
873	36323773	0	DFP	2	0
874	67355648	0	DFP	2	0
875	88885172	0	DFP	2	0
876	98343752	0	DGH	2	0
877	25695078	0	DJQ	2	0
878	14831587	0	DKC	2	0
879	40268184	0	DLQ	2	0
880	30679604	0	DML	2	0
881	29306935	0	DRS	2	0
882	50313833	0	DUK	2	0
883	62745710	0	DVH	2	0
884	70401342	0	DVH	2	0
885	36394325	0	DXK	2	0
886	45598964	0	DXK	2	0
887	43329084	0	EAA	2	0
888	34467749	0	EAD	2	0
889	88555881	0	EBI	2	0
890	68302023	0	EBI	2	0
891	53407340	0	EBI	2	0
892	56093698	0	EBI	2	0
893	43970609	0	EBI	2	0
894	61331246	0	EBI	2	0
895	45447773	0	EBI	2	0
896	44063604	0	EBI	2	0
897	49202969	0	EBI	2	0
898	64542335	0	EBI	2	0
899	49346206	0	EBI	2	0
900	86123341	0	EBI	2	0
901	89092825	0	EBI	2	0
902	39139744	0	EBI	2	0
903	21626519	0	EBI	2	0
904	82780670	0	ECP	2	0
905	30606677	0	ECQ	2	0
906	79773421	0	EED	2	0
907	60287189	0	EFF	2	0
908	97344025	0	EGQ	2	0
909	32319316	0	EGQ	2	0
910	16743992	0	EGQ	2	0
911	68397253	0	ENA	2	0
912	68191621	0	EPV	2	0
913	72389710	0	ETU	2	0
914	84388589	0	EUL	2	0
915	25404331	0	EUL	2	0
916	75075505	0	EWR	2	0
917	45481612	0	EWR	2	0
918	23494717	0	EWR	2	0
919	73397872	0	EWR	2	0
920	80061868	0	EWR	2	0
921	43075777	0	EWR	2	0
922	40731706	0	EWR	2	0
923	67026398	0	EWR	2	0
924	94381312	0	EWR	2	0
925	18960602	0	EXN	2	0
926	21716000	0	EXR	2	0
927	82246014	0	FGQ	2	0
928	14472681	0	FJZ	2	0
929	49413998	0	FKO	2	0
930	32057903	0	FSP	2	0
931	41671633	0	FTQ	2	0
932	84024042	0	FTQ	2	0
933	34691065	0	FTQ	2	0
934	32911789	0	FWQ	2	0
935	82081998	0	FWQ	2	0
936	59618740	0	FWQ	2	0
937	52792966	0	FXN	2	0
938	80262795	0	GBI	2	0
939	79618856	0	GBI	2	0
940	64194816	0	GBI	2	0
941	74270554	0	GBI	2	0
942	16840476	0	GER	2	0
943	17630156	0	GFE	2	0
944	90967214	0	GGI	2	0
945	51970824	0	GHU	2	0
946	80521407	0	GHW	2	0
947	45446348	0	GIW	2	0
948	98308116	0	GKA	2	0
949	55221399	0	GKD	2	0
950	25452100	0	GLB	2	0
951	69933643	0	GLB	2	0
952	96449978	0	GLQ	2	0
953	42618960	0	GOH	2	0
954	86982045	0	GUP	2	0
955	60226676	0	GVT	2	0
956	48038808	0	GVT	2	0
957	20694549	0	GZL	2	0
958	91733067	0	HFB	2	0
959	93049357	0	HFW	2	0
960	64014948	0	HGV	2	0
961	39584065	0	HJD	2	0
962	91798275	0	HKD	2	0
963	35663986	0	HLB	2	0
964	50066854	0	HNR	2	0
965	46110861	0	HNS	2	0
966	64203118	0	HRH	2	0
967	25097205	0	HRH	2	0
968	51235406	0	HST	2	0
969	14285272	0	HST	2	0
970	19435655	0	HST	2	0
971	40738334	0	HTH	2	0
972	79254265	0	HTH	2	0
973	48109787	0	HTH	2	0
974	95526668	0	HUV	2	0
975	16382609	0	HWU	2	0
976	60508600	0	HYZ	2	0
977	51126760	0	HZI	2	0
978	62913927	0	HZI	2	0
979	64821231	0	IBV	2	0
980	18191634	0	IBV	2	0
981	99874208	0	IBV	2	0
982	62050488	0	IBV	2	0
983	32566224	0	IBV	2	0
984	18117394	0	IBV	2	0
985	88803536	0	IBV	2	0
986	75169810	0	IBV	2	0
987	32444726	0	IBV	2	0
988	83377643	0	IBV	2	0
989	44717622	0	IBV	2	0
990	15232236	0	IBV	2	0
991	73620183	0	IBV	2	0
992	92179005	0	IBV	2	0
993	50208258	0	IBV	2	0
994	89644406	0	IBV	2	0
995	64981985	0	IBV	2	0
996	30550275	0	IBV	2	0
997	16051354	0	IEF	2	0
998	24700028	0	IFF	2	0
999	51076612	0	IGI	2	0
1000	71651026	0	IGI	2	0
1001	55933655	0	ILQ	2	0
1002	24063464	0	INH	2	0
1003	13395376	0	INH	2	0
1004	91199437	0	INH	2	0
1005	60101210	0	IWY	2	0
1006	84910850	0	IXY	2	0
1007	35044672	0	IXY	2	0
1008	17650600	0	IYT	2	0
1009	81820760	0	IYT	2	0
1010	50117457	0	IYT	2	0
1011	15416509	0	IYT	2	0
1012	65414419	0	IYT	2	0
1013	73445080	0	IYT	2	0
1014	30686588	0	IYT	2	0
1015	98254972	0	IYT	2	0
1016	16395160	0	IYT	2	0
1017	24270328	0	IYT	2	0
1018	68544299	0	IYT	2	0
1019	75463241	0	IYT	2	0
1020	32705782	0	IYT	2	0
1021	80637418	0	IYT	2	0
1022	94925136	0	IZS	2	0
1023	23947884	0	JCO	2	0
1024	82326683	0	JCO	2	0
1025	37941919	0	JCO	2	0
1026	52349901	0	JCO	2	0
1027	19022279	0	JCO	2	0
1028	12181959	0	JCO	2	0
1029	15693771	0	JCO	2	0
1030	85375433	0	JCO	2	0
1031	26554471	0	JCO	2	0
1032	47075319	0	JCO	2	0
1033	80313910	0	JED	2	0
1034	93660074	0	JED	2	0
1035	35035722	0	JED	2	0
1036	98235220	0	JEK	2	0
1037	83939800	0	JFW	2	0
1038	96868872	0	JHG	2	0
1039	72028183	0	JHG	2	0
1040	49213652	0	JII	2	0
1041	63318994	0	JQV	2	0
1042	61477343	0	JUQ	2	0
1043	70235545	0	JVL	2	0
1044	90471607	0	JWG	2	0
1045	78462914	0	JWM	2	0
1046	99635521	0	JWM	2	0
1047	25496953	0	JYW	2	0
1048	72616611	0	JYW	2	0
1049	46683736	0	JYW	2	0
1050	91720770	0	JZI	2	0
1051	85012932	0	JZI	2	0
1052	81443351	0	JZI	2	0
1053	29841108	0	KAA	2	0
1054	33454969	0	KAA	2	0
1055	19098359	0	KCS	2	0
1056	52261023	0	KCS	2	0
1057	99760871	0	KFW	2	0
1058	79516167	0	KFW	2	0
1059	44192344	0	KFW	2	0
1060	64676394	0	KFW	2	0
1061	59815057	0	KFW	2	0
1062	39029851	0	KFW	2	0
1063	46885951	0	KFW	2	0
1064	80562146	0	KFW	2	0
1065	12874602	0	KFW	2	0
1066	50791067	0	KFW	2	0
1067	61790795	0	KFW	2	0
1068	34291247	0	KFW	2	0
1069	72196860	0	KFW	2	0
1070	94919643	0	KFW	2	0
1071	87482902	0	KFW	2	0
1072	40319088	0	KFW	2	0
1073	61309538	0	KFW	2	0
1074	36582459	0	KFW	2	0
1075	27524052	0	KFW	2	0
1076	72771013	0	KFW	2	0
1077	29970957	0	KFW	2	0
1078	63410975	0	KFW	2	0
1079	99657000	0	KFW	2	0
1080	22730533	0	KFW	2	0
1081	52465334	0	KFW	2	0
1082	75388316	0	KFW	2	0
1083	58520369	0	KFW	2	0
1084	54533317	0	KFW	2	0
1085	96254482	0	KFW	2	0
1086	50942276	0	KFW	2	0
1087	82430513	0	KFW	2	0
1088	22005521	0	KFW	2	0
1089	29694071	0	KFW	2	0
1090	75147591	0	KFW	2	0
1091	94094971	0	KFW	2	0
1092	99812392	0	KFW	2	0
1093	11469140	0	KFW	2	0
1094	20304750	0	KFW	2	0
1095	43889797	0	KFW	2	0
1096	66498800	0	KFW	2	0
1097	47144460	0	KFW	2	0
1098	59030743	0	KFW	2	0
1099	67940572	0	KFW	2	0
1100	92046057	0	KFW	2	0
1101	80576580	0	KFW	2	0
1102	92515830	0	KFW	2	0
1103	33155769	0	KFW	2	0
1104	87934546	0	KFW	2	0
1105	74057617	0	KFW	2	0
1106	59818392	0	KFW	2	0
1107	91745619	0	KFW	2	0
1108	73495191	0	KFW	2	0
1109	53304955	0	KFW	2	0
1110	77594997	0	KFW	2	0
1111	56385926	0	KFW	2	0
1112	25936192	0	KFW	2	0
1113	51134452	0	KFW	2	0
1114	56126171	0	KFW	2	0
1115	67265443	0	KFW	2	0
1116	61807583	0	KFW	2	0
1117	39061094	0	KFW	2	0
1118	20610314	0	KFW	2	0
1119	25559532	0	KFW	2	0
1120	82118229	0	KFW	2	0
1121	63775583	0	KFW	2	0
1122	76758371	0	KFW	2	0
1123	45002354	0	KFW	2	0
1124	17226755	0	KFW	2	0
1125	95889162	0	KFW	2	0
1126	66347937	0	KFW	2	0
1127	88009187	0	KFW	2	0
1128	36073108	0	KFW	2	0
1129	98349391	0	KFW	2	0
1130	17459074	0	KFW	2	0
1131	71375946	0	KFW	2	0
1132	28881413	0	KFW	2	0
1133	23379482	0	KFW	2	0
1134	98682156	0	KFW	2	0
1135	53352816	0	KFW	2	0
1136	30003725	0	KFW	2	0
1137	69433637	0	KFW	2	0
1138	83482947	0	KFW	2	0
1139	70724149	0	KFW	2	0
1140	36707353	0	KFW	2	0
1141	78203226	0	KFW	2	0
1142	30427961	0	KFW	2	0
1143	80089355	0	KFW	2	0
1144	15422522	0	KFW	2	0
1145	64243345	0	KFW	2	0
1146	73575473	0	KFW	2	0
1147	86385570	0	KFW	2	0
1148	35035673	0	KFW	2	0
1149	54829070	0	KFW	2	0
1150	34184784	0	KFW	2	0
1151	41453559	0	KFW	2	0
1152	12057956	0	KFW	2	0
1153	90699026	0	KFW	2	0
1154	79926009	0	KFW	2	0
1155	68170153	0	KFW	2	0
1156	49152654	0	KFW	2	0
1157	28306327	0	KFW	2	0
1158	94209629	0	KFW	2	0
1159	32897719	0	KFW	2	0
1160	54822799	0	KFW	2	0
1161	92771069	0	KFW	2	0
1162	37548749	0	KFW	2	0
1163	27259905	0	KFW	2	0
1164	21126689	0	KFW	2	0
1165	98312614	0	KFW	2	0
1166	43277822	0	KFW	2	0
1167	68763437	0	KFW	2	0
1168	72358944	0	KFW	2	0
1169	99340631	0	KFW	2	0
1170	67371648	0	KFW	2	0
1171	52620813	0	KFW	2	0
1172	32954078	0	KFW	2	0
1173	49410543	0	KFW	2	0
1174	46751327	0	KFW	2	0
1175	81313943	0	KFW	2	0
1176	27988321	0	KFW	2	0
1177	54401229	0	KFW	2	0
1178	51218602	0	KFW	2	0
1179	65734498	0	KFW	2	0
1180	34577409	0	KFW	2	0
1181	22613521	0	KFW	2	0
1182	65427432	0	KFW	2	0
1183	22724580	0	KFW	2	0
1184	69651139	0	KFW	2	0
1185	17358075	0	KFW	2	0
1186	99169914	0	KFW	2	0
1187	15717184	0	KFW	2	0
1188	78018397	0	KFW	2	0
1189	83689617	0	KFW	2	0
1190	24849444	0	KFW	2	0
1191	78915594	0	KFW	2	0
1192	96334204	0	KFW	2	0
1193	22019682	0	KFW	2	0
1194	58011875	0	KFW	2	0
1195	23273144	0	KFW	2	0
1196	72634271	0	KFW	2	0
1197	68368549	0	KFW	2	0
1198	58295938	0	KFW	2	0
1199	74159038	0	KFW	2	0
1200	14013477	0	KFW	2	0
1201	57026448	0	KFW	2	0
1202	24157460	0	KFW	2	0
1203	13276899	0	KFW	2	0
1204	80447596	0	KFW	2	0
1205	55265750	0	KFW	2	0
1206	30818097	0	KFW	2	0
1207	27454145	0	KFW	2	0
1208	78290215	0	KFW	2	0
1209	68909669	0	KFW	2	0
1210	79403040	0	KFW	2	0
1211	37599918	0	KFW	2	0
1212	70769236	0	KFW	2	0
1213	41116747	0	KFW	2	0
1214	24760960	0	KFW	2	0
1215	27550803	0	KFW	2	0
1216	18909880	0	KFW	2	0
1217	65576393	0	KFW	2	0
1218	27250674	0	KFW	2	0
1219	28233724	0	KFW	2	0
1220	58198058	0	KFW	2	0
1221	41675246	0	KFW	2	0
1222	55087956	0	KFW	2	0
1223	93270550	0	KFW	2	0
1224	74617800	0	KFW	2	0
1225	81916751	0	KFW	2	0
1226	14116376	0	KFW	2	0
1227	41320896	0	KFW	2	0
1228	42403756	0	KFW	2	0
1229	23271988	0	KFW	2	0
1230	68922366	0	KFW	2	0
1231	53210936	0	KFW	2	0
1232	87288960	0	KFW	2	0
1233	54312358	0	KFW	2	0
1234	60635755	0	KFW	2	0
1235	26857803	0	KFW	2	0
1236	33155104	0	KFW	2	0
1237	54336934	0	KFW	2	0
1238	45724387	0	KFW	2	0
1239	63458109	0	KFW	2	0
1240	23500306	0	KFW	2	0
1241	50346721	0	KFW	2	0
1242	16989273	0	KFW	2	0
1243	28222665	0	KFW	2	0
1244	88808441	0	KFW	2	0
1245	94735776	0	KFW	2	0
1246	74724797	0	KFW	2	0
1247	15997470	0	KFW	2	0
1248	64230377	0	KFW	2	0
1249	24080013	0	KFW	2	0
1250	78912886	0	KFW	2	0
1251	51990639	0	KFW	2	0
1252	72519908	0	KFW	2	0
1253	74117742	0	KFW	2	0
1254	23337592	0	KFW	2	0
1255	68055855	0	KFW	2	0
1256	26353337	0	KFW	2	0
1257	82327041	0	KFW	2	0
1258	54337964	0	KFW	2	0
1259	20875065	0	KFW	2	0
1260	59093097	0	KFW	2	0
1261	30448034	0	KFW	2	0
1262	66059277	0	KFW	2	0
1263	73044265	0	KFW	2	0
1264	83755900	0	KFW	2	0
1265	40911364	0	KFW	2	0
1266	27737924	0	KFW	2	0
1267	41788911	0	KFW	2	0
1268	79219433	0	KFW	2	0
1269	64199262	0	KFW	2	0
1270	53276238	0	KFW	2	0
1271	20370624	0	KFW	2	0
1272	36795884	0	KFW	2	0
1273	65204959	0	KFW	2	0
1274	42872413	0	KFW	2	0
1275	20256060	0	KFW	2	0
1276	32623359	0	KFW	2	0
1277	67858039	0	KFW	2	0
1278	51743954	0	KFW	2	0
1279	76476533	0	KFW	2	0
1280	16115631	0	KFW	2	0
1281	93834304	0	KFW	2	0
1282	90043969	0	KFW	2	0
1283	87070974	0	KFW	2	0
1284	69171399	0	KFW	2	0
1285	34135181	0	KFW	2	0
1286	67001429	0	KFW	2	0
1287	98282671	0	KFW	2	0
1288	80308875	0	KFW	2	0
1289	65426041	0	KFW	2	0
1290	48168842	0	KFW	2	0
1291	63319863	0	KFW	2	0
1292	22259574	0	KFW	2	0
1293	51181184	0	KFW	2	0
1294	15868526	0	KFW	2	0
1295	37064147	0	KFW	2	0
1296	77582098	0	KFW	2	0
1297	16390475	0	KFW	2	0
1298	56491921	0	KFW	2	0
1299	15429413	0	KFW	2	0
1300	18139781	0	KFW	2	0
1301	99614301	0	KFW	2	0
1302	46651456	0	KFW	2	0
1303	52467314	0	KFW	2	0
1304	16629596	0	KFW	2	0
1305	54157863	0	KFW	2	0
1306	44530390	0	KFW	2	0
1307	97950125	0	KFW	2	0
1308	78851926	0	KFW	2	0
1309	19320911	0	KFW	2	0
1310	15253390	0	KFW	2	0
1311	50415762	0	KFW	2	0
1312	58998548	0	KFW	2	0
1313	93474280	0	KFW	2	0
1314	71978987	0	KFW	2	0
1315	33910554	0	KFW	2	0
1316	40431365	0	KFW	2	0
1317	60498303	0	KFW	2	0
1318	38225056	0	KFW	2	0
1319	63323517	0	KFW	2	0
1320	49737423	0	KFW	2	0
1321	32366576	0	KFW	2	0
1322	89907911	0	KFW	2	0
1323	26308435	0	KFW	2	0
1324	60420209	0	KFW	2	0
1325	19927081	0	KFW	2	0
1326	14206628	0	KFW	2	0
1327	77258007	0	KFW	2	0
1328	93760268	0	KFW	2	0
1329	93874572	0	KFW	2	0
1330	92518742	0	KFW	2	0
1331	48637994	0	KFW	2	0
1332	88751942	0	KFW	2	0
1333	86402269	0	KFW	2	0
1334	51321908	0	KFW	2	0
1335	94810233	0	KFW	2	0
1336	91479272	0	KFW	2	0
1337	93015761	0	KFW	2	0
1338	24578817	0	KFW	2	0
1339	50657157	0	KFW	2	0
1340	31505183	0	KFW	2	0
1341	64931248	0	KFW	2	0
1342	72289476	0	KFW	2	0
1343	34879394	0	KFW	2	0
1344	42538043	0	KFW	2	0
1345	21978829	0	KFW	2	0
1346	76417502	0	KFW	2	0
1347	61949674	0	KFW	2	0
1348	93880302	0	KFW	2	0
1349	77841768	0	KFW	2	0
1350	95031012	0	KFW	2	0
1351	34969130	0	KFW	2	0
1352	75726810	0	KFW	2	0
1353	31002098	0	KFW	2	0
1354	29187895	0	KFW	2	0
1355	80451197	0	KFW	2	0
1356	28589045	0	KFW	2	0
1357	74701911	0	KFW	2	0
1358	59784432	0	KFW	2	0
1359	11233888	0	KFW	2	0
1360	70987637	0	KFW	2	0
1361	37503761	0	KFW	2	0
1362	68800848	0	KFW	2	0
1363	51915261	0	KFW	2	0
1364	81133435	0	KFW	2	0
1365	18457447	0	KFW	2	0
1366	60760884	0	KFW	2	0
1367	15183080	0	KFW	2	0
1368	18603597	0	KFW	2	0
1369	79144974	0	KFW	2	0
1370	29316840	0	KFW	2	0
1371	57836086	0	KFW	2	0
1372	17033500	0	KFW	2	0
1373	58919630	0	KFW	2	0
1374	85996022	0	KFW	2	0
1375	22356897	0	KFW	2	0
1376	58687508	0	KFW	2	0
1377	75477296	0	KFW	2	0
1378	10573511	0	KFW	2	0
1379	49919525	0	KFW	2	0
1380	22450499	0	KFW	2	0
1381	17128820	0	KFW	2	0
1382	53525137	0	KFW	2	0
1383	67478728	0	KFW	2	0
1384	82285103	0	KFW	2	0
1385	84999710	0	KFW	2	0
1386	76593999	0	KFW	2	0
1387	96440671	0	KFW	2	0
1388	93633333	0	KFW	2	0
1389	28271975	0	KFW	2	0
1390	83917426	0	KFW	2	0
1391	52767822	0	KFW	2	0
1392	11172475	0	KFW	2	0
1393	84526869	0	KFW	2	0
1394	55138439	0	KFW	2	0
1395	40915227	0	KFW	2	0
1396	45366382	0	KFW	2	0
1397	45099453	0	KFW	2	0
1398	99715336	0	KFW	2	0
1399	59284988	0	KFW	2	0
1400	72290606	0	KFW	2	0
1401	77338993	0	KFW	2	0
1402	99622512	0	KFW	2	0
1403	37218015	0	KFW	2	0
1404	87806075	0	KFW	2	0
1405	16042240	0	KFW	2	0
1406	39143468	0	KFW	2	0
1407	99202478	0	KFW	2	0
1408	66772711	0	KFW	2	0
1409	33250533	0	KFW	2	0
1410	15142528	0	KFW	2	0
1411	53180119	0	KFW	2	0
1412	13138587	0	KFW	2	0
1413	19706429	0	KFW	2	0
1414	18052163	0	KFW	2	0
1415	67107429	0	KFW	2	0
1416	45933937	0	KFW	2	0
1417	95756702	0	KFW	2	0
1418	65722408	0	KFW	2	0
1419	43042937	0	KFW	2	0
1420	38805134	0	KFW	2	0
1421	80065977	0	KFW	2	0
1422	40226394	0	KFW	2	0
1423	77640525	0	KFW	2	0
1424	13158959	0	KFW	2	0
1425	66538636	0	KFW	2	0
1426	85961099	0	KFW	2	0
1427	27153527	0	KFW	2	0
1428	10459518	0	KFW	2	0
1429	90956591	0	KFW	2	0
1430	72572644	0	KFW	2	0
1431	36892343	0	KFW	2	0
1432	10044102	0	KFW	2	0
1433	61310463	0	KFW	2	0
1434	97248515	0	KFW	2	0
1435	13751460	0	KFW	2	0
1436	60225212	0	KFW	2	0
1437	81403643	0	KFW	2	0
1438	39458543	0	KFW	2	0
1439	81013660	0	KFW	2	0
1440	37854276	0	KHP	2	0
1441	10267682	0	KHP	2	0
1442	86281529	0	KJC	2	0
1443	86499004	0	KKC	2	0
1444	20330881	0	KLD	2	0
1445	60672910	0	KLD	2	0
1446	56283094	0	KND	2	0
1447	63038618	0	KND	2	0
1448	84586555	0	KND	2	0
1449	64110070	0	KND	2	0
1450	61690756	0	KND	2	0
1451	86208451	0	KOS	2	0
1452	27409025	0	KOS	2	0
1453	57016734	0	KPY	2	0
1454	24351780	0	KQI	2	0
1455	57446206	0	KQI	2	0
1456	72944983	0	KQQ	2	0
1457	48252964	0	KQQ	2	0
1458	58075932	0	KRE	2	0
1459	58162463	0	KSD	2	0
1460	76046234	0	KST	2	0
1461	99518532	0	KST	2	0
1462	38503541	0	KTJ	2	0
1463	47626687	0	KTT	2	0
1464	50037864	0	KVQ	2	0
1465	88621662	0	KXN	2	0
1466	21773046	0	KXN	2	0
1467	78080430	0	LAC	2	0
1468	99474396	0	LAC	2	0
1469	59787589	0	LAC	2	0
1470	23543977	0	LBX	2	0
1471	47782504	0	LFA	2	0
1472	97071848	0	LFK	2	0
1473	95123921	0	LFP	2	0
1474	94136005	0	LFT	2	0
1475	87657140	0	LFT	2	0
1476	63373466	0	LFT	2	0
1477	24730966	0	LFT	2	0
1478	47124843	0	LFT	2	0
1479	25326035	0	LGV	2	0
1480	59803485	0	LGY	2	0
1481	20519979	0	LLH	2	0
1482	52276818	0	LLH	2	0
1483	51948267	0	LLH	2	0
1484	33208658	0	LLH	2	0
1485	11846163	0	LLH	2	0
1486	39253597	0	LLO	2	0
1487	86480720	0	LMS	2	0
1488	46541492	0	LRZ	2	0
1489	54318362	0	LRZ	2	0
1490	37681331	0	LRZ	2	0
1491	29814173	0	LRZ	2	0
1492	33296153	0	LRZ	2	0
1493	17436543	0	LUD	2	0
1494	92569502	0	LUE	2	0
1495	20945712	0	LUE	2	0
1496	90817971	0	LWI	2	0
1497	92461098	0	LYB	2	0
1498	60152652	0	LZU	2	0
1499	36954391	0	MCB	2	0
1500	77360286	0	MDP	2	0
1501	86278754	0	MDY	2	0
1502	20143139	0	MKE	2	0
1503	94568262	0	MKW	2	0
1504	32223297	0	MPM	2	0
1505	67622829	0	MRF	2	0
1506	15392187	0	MVL	2	0
1507	92084529	0	MYM	2	0
1508	63632470	0	NFP	2	0
1509	98793419	0	NFP	2	0
1510	32998796	0	NID	2	0
1511	69207251	0	NKD	2	0
1512	86883539	0	NPL	2	0
1513	73794563	0	NPL	2	0
1514	89168471	0	NPV	2	0
1515	92808100	0	NPV	2	0
1516	43260535	0	NYZ	2	0
1517	54018007	0	NYZ	2	0
1518	76850988	0	NYZ	2	0
1519	45193852	0	OBI	2	0
1520	49337901	0	OCF	2	0
1521	12351648	0	OCR	2	0
1522	39446119	0	OCR	2	0
1523	56080738	0	OCR	2	0
1524	81854463	0	ODC	2	0
1525	72410681	0	ODC	2	0
1526	60670603	0	ODC	2	0
1527	78737134	0	OEW	2	0
1528	58357653	0	OGD	2	0
1529	11249670	0	OHQ	2	0
1530	96067629	0	OHQ	2	0
1531	81804955	0	OHQ	2	0
1532	21861699	0	OHQ	2	0
1533	65056118	0	OHQ	2	0
1534	54654676	0	OHQ	2	0
1535	67766766	0	OID	2	0
1536	25923912	0	OID	2	0
1537	35254655	0	OID	2	0
1538	27494550	0	OID	2	0
1539	81376476	0	OID	2	0
1540	80799228	0	ONH	2	0
1541	85033380	0	OOM	2	0
1542	52512232	0	ORR	2	0
1543	28008824	0	OUI	2	0
1544	54983657	0	OUQ	2	0
1545	39626444	0	OUV	2	0
1546	11943759	0	OVK	2	0
1547	57805284	0	OVK	2	0
1548	94396652	0	OVO	2	0
1549	88724632	0	PCD	2	0
1550	31487049	0	PCW	2	0
1551	86889509	0	PCX	2	0
1552	17188127	0	PEJ	2	0
1553	14938570	0	PGE	2	0
1554	99668281	0	PGE	2	0
1555	65835863	0	PGE	2	0
1556	99721833	0	PHO	2	0
1557	94485968	0	PIT	2	0
1558	63110759	0	PJI	2	0
1559	99695316	0	PJI	2	0
1560	54405743	0	PJI	2	0
1561	84173101	0	PJI	2	0
1562	71448897	0	PJI	2	0
1563	97198776	0	PJI	2	0
1564	48508278	0	PJI	2	0
1565	72484788	0	PJI	2	0
1566	51784304	0	PJI	2	0
1567	95561417	0	PJI	2	0
1568	64631109	0	PJI	2	0
1569	40497988	0	PJI	2	0
1570	72215695	0	PJI	2	0
1571	62535903	0	PKF	2	0
1572	34366967	0	PKH	2	0
1573	15801870	0	PKQ	2	0
1574	22681000	0	PMU	2	0
1575	94825497	0	PMU	2	0
1576	76638402	0	PQZ	2	0
1577	69048665	0	PRT	2	0
1578	80141803	0	PRT	2	0
1579	77588856	0	PRT	2	0
1580	28421315	0	PRT	2	0
1581	82707663	0	PRT	2	0
1582	63438768	0	PRT	2	0
1583	77596936	0	PRT	2	0
1584	58846399	0	PRT	2	0
1585	24098394	0	PRT	2	0
1586	62088291	0	PRT	2	0
1587	47707927	0	PRT	2	0
1588	16761506	0	PRT	2	0
1589	43576216	0	PTY	2	0
1590	90192684	0	PUY	2	0
1591	65315841	0	PUY	2	0
1592	38469300	0	PVN	2	0
1593	76943945	0	PXQ	2	0
1594	44344118	0	PXQ	2	0
1595	50768494	0	PXQ	2	0
1596	12382839	0	PXQ	2	0
1597	34897423	0	PXQ	2	0
1598	70359683	0	PZN	2	0
1599	10244697	0	PZN	2	0
1600	94994911	0	QEE	2	0
1601	68241724	0	QEJ	2	0
1602	18126742	0	QEX	2	0
1603	57011024	0	QEX	2	0
1604	47592506	0	QGY	2	0
1605	93466569	0	QJE	2	0
1606	41596092	0	QJU	2	0
1607	51901250	0	QJU	2	0
1608	77486502	0	QKJ	2	0
1609	49691242	0	QMK	2	0
1610	69020642	0	QMK	2	0
1611	62750342	0	QNH	2	0
1612	66566154	0	QNH	2	0
1613	64643703	0	QRF	2	0
1614	65111747	0	QTT	2	0
1615	37175854	0	QTT	2	0
1616	38593143	0	QUK	2	0
1617	65731292	0	QVG	2	0
1618	51616731	0	QVM	2	0
1619	52809719	0	QVM	2	0
1620	68414514	0	QVM	2	0
1621	71517029	0	QVU	2	0
1622	11464149	0	QZD	2	0
1623	27615081	0	QZE	2	0
1624	80860493	0	RCF	2	0
1625	40919636	0	RCF	2	0
1626	86416583	0	RFS	2	0
1627	35348573	0	RFS	2	0
1628	77174502	0	RFS	2	0
1629	43977509	0	RFS	2	0
1630	89443525	0	RFS	2	0
1631	65004396	0	RGW	2	0
1632	27349639	0	RHH	2	0
1633	99960507	0	RHU	2	0
1634	65089057	0	RJU	2	0
1635	15755754	0	RJU	2	0
1636	35516244	0	RJU	2	0
1637	88879464	0	RKJ	2	0
1638	73592295	0	RMO	2	0
1639	47199715	0	RNR	2	0
1640	44365859	0	RNR	2	0
1641	12153728	0	RNR	2	0
1642	98285577	0	RNU	2	0
1643	94421833	0	RSE	2	0
1644	57233007	0	RSY	2	0
1645	84198449	0	RTV	2	0
1646	56509475	0	SAS	2	0
1647	82309023	0	SCB	2	0
1648	92032389	0	SCB	2	0
1649	56351419	0	SCB	2	0
1650	75863812	0	SCB	2	0
1651	52995526	0	SHC	2	0
1652	53712490	0	SJK	2	0
1653	99227195	0	SJK	2	0
1654	97811553	0	SJK	2	0
1655	10796365	0	SJK	2	0
1656	65181729	0	SJK	2	0
1657	59568847	0	SJK	2	0
1658	67158198	0	SJK	2	0
1659	40699849	0	SJK	2	0
1660	76889137	0	SJK	2	0
1661	92768713	0	SJK	2	0
1662	58480373	0	SJK	2	0
1663	40006705	0	SJK	2	0
1664	65240278	0	SJK	2	0
1665	82518617	0	SJK	2	0
1666	56657750	0	SJK	2	0
1667	52019814	0	SJK	2	0
1668	69160341	0	SJK	2	0
1669	52987114	0	SJK	2	0
1670	28318606	0	SJK	2	0
1671	84842503	0	SJK	2	0
1672	34060299	0	SJK	2	0
1673	21578159	0	SJK	2	0
1674	80077209	0	SJS	2	0
1675	81717448	0	SJS	2	0
1676	99784595	0	SJS	2	0
1677	67419914	0	SJS	2	0
1678	64572737	0	SJS	2	0
1679	90556068	0	SJS	2	0
1680	88815583	0	SKN	2	0
1681	54469509	0	SKN	2	0
1682	47624526	0	SKN	2	0
1683	99963870	0	SKN	2	0
1684	93128118	0	SKO	2	0
1685	43245773	0	SKO	2	0
1686	44862224	0	SKO	2	0
1687	45883451	0	SKO	2	0
1688	29436849	0	SKO	2	0
1689	31281997	0	SKO	2	0
1690	97421923	0	SKO	2	0
1691	71000954	0	SKO	2	0
1692	24938130	0	SKO	2	0
1693	61482863	0	SKO	2	0
1694	26515996	0	SKO	2	0
1695	37164421	0	SKO	2	0
1696	77921791	0	SKO	2	0
1697	16624774	0	SKO	2	0
1698	12484526	0	SKO	2	0
1699	19418126	0	SKO	2	0
1700	97381365	0	SKO	2	0
1701	62893376	0	SKO	2	0
1702	54292076	0	SKO	2	0
1703	47242002	0	SKO	2	0
1704	43768908	0	SKO	2	0
1705	38423908	0	SKO	2	0
1706	51364109	0	SKO	2	0
1707	55504315	0	SKO	2	0
1708	15127270	0	SKO	2	0
1709	80062854	0	SKO	2	0
1710	75228203	0	SKO	2	0
1711	45434795	0	SKO	2	0
1712	21975250	0	SKO	2	0
1713	37599484	0	SKO	2	0
1714	74256490	0	SKO	2	0
1715	63572454	0	SKO	2	0
1716	96895135	0	SKO	2	0
1717	84545534	0	SKO	2	0
1718	60672693	0	SKO	2	0
1719	56318314	0	SKO	2	0
1720	89220129	0	SKO	2	0
1721	17719334	0	SKO	2	0
1722	94461635	0	SKO	2	0
1723	18300552	0	SKO	2	0
1724	72125128	0	SKO	2	0
1725	87708166	0	SKO	2	0
1726	32109107	0	SKO	2	0
1727	30304353	0	SKO	2	0
1728	11322634	0	SKO	2	0
1729	20549828	0	SKO	2	0
1730	35570951	0	SKO	2	0
1731	84927261	0	SKO	2	0
1732	88121990	0	SKO	2	0
1733	32601735	0	SKO	2	0
1734	32245838	0	SKO	2	0
1735	27289360	0	SKO	2	0
1736	61684301	0	SKO	2	0
1737	92751482	0	SKO	2	0
1738	69594761	0	SKO	2	0
1739	75194650	0	SKO	2	0
1740	27169390	0	SKO	2	0
1741	31156664	0	SKO	2	0
1742	58429964	0	SKO	2	0
1743	66932923	0	SKO	2	0
1744	74138902	0	SKO	2	0
1745	36646638	0	SKO	2	0
1746	50874172	0	SKO	2	0
1747	26148513	0	SKO	2	0
1748	63667219	0	SKO	2	0
1749	79047721	0	SKO	2	0
1750	13669153	0	SKO	2	0
1751	73761536	0	SKO	2	0
1752	32067248	0	SKO	2	0
1753	15205939	0	SKO	2	0
1754	23666703	0	SKO	2	0
1755	84931293	0	SKO	2	0
1756	78934871	0	SKO	2	0
1757	69885816	0	SKO	2	0
1758	61817734	0	SKO	2	0
1759	57117314	0	SKO	2	0
1760	77164781	0	SKO	2	0
1761	99286400	0	SKO	2	0
1762	78291961	0	SKO	2	0
1763	74068802	0	SKO	2	0
1764	51088232	0	SKO	2	0
1765	11474711	0	SKO	2	0
1766	96117960	0	SKO	2	0
1767	15677966	0	SKO	2	0
1768	37931463	0	SKO	2	0
1769	23089879	0	SKO	2	0
1770	86158430	0	SKO	2	0
1771	91808674	0	SKO	2	0
1772	92531082	0	SKO	2	0
1773	90086562	0	SKO	2	0
1774	93053448	0	SKO	2	0
1775	37618982	0	SKO	2	0
1776	44181181	0	SKO	2	0
1777	94679789	0	SKO	2	0
1778	14912823	0	SKO	2	0
1779	27107671	0	SKO	2	0
1780	57496813	0	SKO	2	0
1781	15884090	0	SKO	2	0
1782	35804823	0	SKO	2	0
1783	92761462	0	SKO	2	0
1784	26594744	0	SKO	2	0
1785	89114044	0	SKO	2	0
1786	39891799	0	SKO	2	0
1787	82278302	0	SKO	2	0
1788	64295685	0	SKO	2	0
1789	23757366	0	SKO	2	0
1790	18171741	0	SKO	2	0
1791	94637470	0	SKO	2	0
1792	56571720	0	SKO	2	0
1793	57313066	0	SKO	2	0
1794	65889884	0	SKO	2	0
1795	79128596	0	SKO	2	0
1796	93318930	0	SKO	2	0
1797	86728020	0	SKO	2	0
1798	77662403	0	SKO	2	0
1799	67631870	0	SKO	2	0
1800	99673634	0	SKO	2	0
1801	63659599	0	SKO	2	0
1802	40195120	0	SKO	2	0
1803	55928149	0	SKO	2	0
1804	54893338	0	SKO	2	0
1805	78352753	0	SKO	2	0
1806	67765605	0	SKO	2	0
1807	14252118	0	SKO	2	0
1808	28400757	0	SKO	2	0
1809	65641863	0	SKO	2	0
1810	24395344	0	SKO	2	0
1811	50632800	0	SKO	2	0
1812	45388373	0	SKO	2	0
1813	29341968	0	SKO	2	0
1814	51357085	0	SKO	2	0
1815	59789207	0	SKO	2	0
1816	34962941	0	SKO	2	0
1817	65067644	0	SKO	2	0
1818	48484722	0	SKO	2	0
1819	47181114	0	SKO	2	0
1820	74951332	0	SKO	2	0
1821	56413915	0	SKO	2	0
1822	45125117	0	SKO	2	0
1823	79447530	0	SKO	2	0
1824	13346742	0	SKO	2	0
1825	10012333	0	SKO	2	0
1826	62504690	0	SKO	2	0
1827	89369391	0	SKO	2	0
1828	78121294	0	SKO	2	0
1829	26640064	0	SKO	2	0
1830	44315586	0	SKO	2	0
1831	44972051	0	SKO	2	0
1832	50605891	0	SKO	2	0
1833	92987292	0	SKO	2	0
1834	34030131	0	SKO	2	0
1835	45258390	0	SKO	2	0
1836	39795808	0	SKO	2	0
1837	59172959	0	SKO	2	0
1838	69894084	0	SKO	2	0
1839	17108461	0	SKO	2	0
1840	66763638	0	SKO	2	0
1841	59223839	0	SKO	2	0
1842	99730544	0	SKO	2	0
1843	91645868	0	SKO	2	0
1844	99597716	0	SKO	2	0
1845	32146835	0	SKO	2	0
1846	17543305	0	SKO	2	0
1847	99351588	0	SKO	2	0
1848	40065102	0	SKO	2	0
1849	46892241	0	SKO	2	0
1850	82591560	0	SKO	2	0
1851	21032425	0	SKO	2	0
1852	93013532	0	SKO	2	0
1853	61246826	0	SKO	2	0
1854	45557275	0	SKO	2	0
1855	90253358	0	SKO	2	0
1856	43599369	0	SKO	2	0
1857	82167130	0	SKO	2	0
1858	70140883	0	SKO	2	0
1859	21775965	0	SKO	2	0
1860	99160714	0	SKO	2	0
1861	68210776	0	SKO	2	0
1862	13946326	0	SKO	2	0
1863	85936789	0	SKO	2	0
1864	60912043	0	SKO	2	0
1865	60745353	0	SKO	2	0
1866	62998134	0	SKO	2	0
1867	93850520	0	SKO	2	0
1868	68627908	0	SKO	2	0
1869	42747155	0	SKO	2	0
1870	10933013	0	SKO	2	0
1871	49745126	0	SKO	2	0
1872	26854067	0	SKO	2	0
1873	46310496	0	SKO	2	0
1874	99689336	0	SKO	2	0
1875	50868264	0	SKO	2	0
1876	78091143	0	SKO	2	0
1877	89486545	0	SKO	2	0
1878	26451531	0	SKO	2	0
1879	61543941	0	SKO	2	0
1880	43158696	0	SKO	2	0
1881	31949496	0	SKO	2	0
1882	94479412	0	SKO	2	0
1883	20145131	0	SKO	2	0
1884	48346389	0	SKO	2	0
1885	84587878	0	SKO	2	0
1886	91370507	0	SKO	2	0
1887	41249370	0	SKO	2	0
1888	31448567	0	SKO	2	0
1889	35190366	0	SKO	2	0
1890	50846655	0	SKO	2	0
1891	44962082	0	SKO	2	0
1892	73539216	0	SKO	2	0
1893	99752426	0	SKO	2	0
1894	45520255	0	SKO	2	0
1895	60364458	0	SKO	2	0
1896	52058991	0	SKO	2	0
1897	48586437	0	SKO	2	0
1898	45648545	0	SKO	2	0
1899	78739428	0	SKO	2	0
1900	44494182	0	SKO	2	0
1901	51146730	0	SKO	2	0
1902	43222915	0	SKO	2	0
1903	79202134	0	SKO	2	0
1904	33525775	0	SKO	2	0
1905	17473588	0	SKO	2	0
1906	42526417	0	SKO	2	0
1907	95609361	0	SKO	2	0
1908	42100053	0	SKO	2	0
1909	82901133	0	SKO	2	0
1910	52276803	0	SKO	2	0
1911	70864192	0	SKO	2	0
1912	52463253	0	SKO	2	0
1913	80009087	0	SKO	2	0
1914	36962800	0	SKO	2	0
1915	14282308	0	SKO	2	0
1916	93814967	0	SKO	2	0
1917	35486428	0	SKO	2	0
1918	53883157	0	SKO	2	0
1919	57578965	0	SKO	2	0
1920	48242606	0	SKO	2	0
1921	89760232	0	SKO	2	0
1922	91029888	0	SKO	2	0
1923	17503547	0	SKO	2	0
1924	70505319	0	SKO	2	0
1925	25670640	0	SKO	2	0
1926	87435667	0	SKO	2	0
1927	69363741	0	SKO	2	0
1928	53521977	0	SKO	2	0
1929	55960885	0	SKO	2	0
1930	11798273	0	SKO	2	0
1931	24333629	0	SLJ	2	0
1932	99446253	0	STG	2	0
1933	17651630	0	SVK	2	0
1934	76556373	0	SVK	2	0
1935	70869333	0	SVK	2	0
1936	67223424	0	SVK	2	0
1937	77865757	0	SWJ	2	0
1938	33220373	0	SWJ	2	0
1939	87864432	0	SWJ	2	0
1940	80151189	0	SWJ	2	0
1941	74644897	0	SWJ	2	0
1942	91108650	0	SWJ	2	0
1943	78343380	0	SWJ	2	0
1944	63517898	0	SXN	2	0
1945	38277199	0	SXN	2	0
1946	78027949	0	SZX	2	0
1947	43425156	0	TAM	2	0
1948	43593826	0	TAM	2	0
1949	35183898	0	TAM	2	0
1950	98048385	0	TAP	2	0
1951	69016703	0	TBV	2	0
1952	96386145	0	TBV	2	0
1953	88098002	0	TBV	2	0
1954	86261254	0	TFM	2	0
1955	87266191	0	TFM	2	0
1956	99496419	0	TFM	2	0
1957	99268360	0	TFM	2	0
1958	10846947	0	TIW	2	0
1959	52572312	0	TIW	2	0
1960	81994915	0	TIW	2	0
1961	50264813	0	TLS	2	0
1962	88698190	0	TMW	2	0
1963	33291103	0	TNW	2	0
1964	93766401	0	TPA	2	0
1965	98002949	0	TPA	2	0
1966	24671905	0	TPA	2	0
1967	80297697	0	TPA	2	0
1968	86160840	0	TPA	2	0
1969	47386598	0	TPA	2	0
1970	40216179	0	TPA	2	0
1971	91686535	0	TQD	2	0
1972	29697129	0	TQD	2	0
1973	91573964	0	TQD	2	0
1974	57233693	0	TQQ	2	0
1975	49232727	0	TQQ	2	0
1976	92761097	0	TQQ	2	0
1977	52127394	0	TRF	2	0
1978	81160393	0	TRF	2	0
1979	88513098	0	TTO	2	0
1980	38020782	0	TXX	2	0
1981	43590174	0	UAD	2	0
1982	70465351	0	UAD	2	0
1983	35531986	0	UEH	2	0
1984	94490829	0	UEH	2	0
1985	13942296	0	UEH	2	0
1986	55987303	0	UEH	2	0
1987	29056541	0	UEH	2	0
1988	97629446	0	UEH	2	0
1989	40936558	0	UEH	2	0
1990	23646206	0	UEH	2	0
1991	73350851	0	UEH	2	0
1992	81841460	0	UFU	2	0
1993	36811659	0	UGO	2	0
1994	75892746	0	UKX	2	0
1995	95552313	0	UKX	2	0
1996	66748845	0	ULQ	2	0
1997	63811650	0	ULQ	2	0
1998	46284860	0	ULQ	2	0
1999	87353903	0	ULY	2	0
2000	21119442	0	UMD	2	0
2001	36991854	0	UPF	2	0
2002	83640070	0	UQL	2	0
2003	69870232	0	UQL	2	0
2004	90776973	0	UTJ	2	0
2005	15633632	0	UUI	2	0
2006	27507696	0	UUW	2	0
2007	20883111	0	UUW	2	0
2008	97123489	0	UVK	2	0
2009	20472792	0	UZI	2	0
2010	96375551	0	VDC	2	0
2011	84182728	0	VDC	2	0
2012	91711920	0	VEU	2	0
2013	41657116	0	VJY	2	0
2014	54758961	0	VKU	2	0
2015	42015077	0	VLD	2	0
2016	92365113	0	VMT	2	0
2017	18778530	0	VMT	2	0
2018	58280815	0	VMT	2	0
2019	19953857	0	VMT	2	0
2020	89344621	0	VMT	2	0
2021	86870752	0	VMT	2	0
2022	92247453	0	VMT	2	0
2023	93355378	0	VMT	2	0
2024	85116495	0	VMY	2	0
2025	40656631	0	VMY	2	0
2026	77801221	0	VQI	2	0
2027	54379409	0	VQU	2	0
2028	37884238	0	VUA	2	0
2029	90805057	0	VUA	2	0
2030	27690240	0	VWC	2	0
2031	27636830	0	WCB	2	0
2032	71347045	0	WEP	2	0
2033	31935417	0	WEX	2	0
2034	20791418	0	WFH	2	0
2035	18865531	0	WFH	2	0
2036	27992647	0	WLL	2	0
2037	38185276	0	WNY	2	0
2038	28945978	0	WNY	2	0
2039	26837950	0	WOK	2	0
2040	65034286	0	WRK	2	0
2041	25083225	0	WSX	2	0
2042	82941296	0	WSX	2	0
2043	91131763	0	WSX	2	0
2044	18633007	0	WSX	2	0
2045	26450659	0	WSX	2	0
2046	41725811	0	WSX	2	0
2047	26305464	0	WSX	2	0
2048	95746817	0	WTH	2	0
2049	73718673	0	WTH	2	0
2050	84797873	0	WTH	2	0
2051	16373935	0	WTH	2	0
2052	15085927	0	WTH	2	0
2053	90775470	0	WTH	2	0
2054	83446430	0	WTH	2	0
2055	30247016	0	WTH	2	0
2056	72051105	0	WTM	2	0
2057	39169911	0	WWW	2	0
2058	31120914	0	WXJ	2	0
2059	91498462	0	WXJ	2	0
2060	73605061	0	WXJ	2	0
2061	15076975	0	WXJ	2	0
2062	13460685	0	WXJ	2	0
2063	97838507	0	WXJ	2	0
2064	46136069	0	WXJ	2	0
2065	87042668	0	WXJ	2	0
2066	67432154	0	WXJ	2	0
2067	42389378	0	WXJ	2	0
2068	49752479	0	WXJ	2	0
2069	88034494	0	WXJ	2	0
2070	56749889	0	WXJ	2	0
2071	80479763	0	WXJ	2	0
2072	46946918	0	WXJ	2	0
2073	99269813	0	WXJ	2	0
2074	91190829	0	WXJ	2	0
2075	67608244	0	WXJ	2	0
2076	55016561	0	WXJ	2	0
2077	40655159	0	WZF	2	0
2078	27975203	0	XCG	2	0
2079	73390467	0	XCI	2	0
2080	92147904	0	XCI	2	0
2081	44638104	0	XEJ	2	0
2082	58919969	0	XGN	2	0
2083	63371124	0	XKV	2	0
2084	73818472	0	XLC	2	0
2085	75650542	0	XLL	2	0
2086	79461975	0	XOC	2	0
2087	27758760	0	XOC	2	0
2088	27902541	0	XOC	2	0
2089	36300735	0	XRO	2	0
2090	92272073	0	XRO	2	0
2091	17258207	0	XVP	2	0
2092	95345510	0	YIP	2	0
2093	96128184	0	YIP	2	0
2094	69619507	0	YIU	2	0
2095	47986706	0	YIU	2	0
2096	97967402	0	YJB	2	0
2097	74161032	0	YJB	2	0
2098	10544621	0	YKT	2	0
2099	84067372	0	YKT	2	0
2100	22585623	0	YKT	2	0
2101	80077193	0	YOP	2	0
2102	92932409	0	YPB	2	0
2103	86755550	0	YPB	2	0
2104	96783502	0	YPB	2	0
2105	72337287	0	YPB	2	0
2106	24440735	0	YPB	2	0
2107	32926084	0	YPB	2	0
2108	42795548	0	YTH	2	0
2109	71574469	0	YTI	2	0
2110	63963514	0	YTI	2	0
2111	40994173	0	YTI	2	0
2112	91233107	0	YTI	2	0
2113	31090447	0	YTI	2	0
2114	10049135	0	YTI	2	0
2115	55022748	0	YTI	2	0
2116	96958799	0	YTI	2	0
2117	16779555	0	YTI	2	0
2118	66541867	0	YTI	2	0
2119	33612688	0	YTI	2	0
2120	70634994	0	YTI	2	0
2121	65505453	0	YTI	2	0
2122	85288096	0	YTI	2	0
2123	52203414	0	YTI	2	0
2124	41648094	0	YVN	2	0
2125	10320396	0	YVN	2	0
2126	59445715	0	YVN	2	0
2127	89237939	0	YXA	2	0
2128	66518352	0	YXA	2	0
2129	47317715	0	YXA	2	0
2130	57847301	0	YXA	2	0
2131	67314729	0	YXA	2	0
2132	10489897	0	ZBP	2	0
2133	27211275	0	ZBP	2	0
2134	31471133	0	ZBP	2	0
2135	33112320	0	ZBP	2	0
2136	59592606	0	ZBP	2	0
2137	97389029	0	ZBP	2	0
2138	91742949	0	ZCJ	2	0
2139	93056590	0	ZCW	2	0
2140	22801297	0	ZDO	2	0
2141	52513305	0	ZDO	2	0
2142	58327330	0	ZDO	2	0
2143	49675098	0	ZIA	2	0
2144	94708348	0	ZIA	2	0
2145	31677456	0	ZMB	2	0
2146	14359718	0	ZMB	2	0
2147	91156407	0	ZMO	2	0
2148	97742089	0	ZOS	2	0
2149	74955731	0	ZPU	2	0
2150	40162826	0	ZPU	2	0
2151	50343741	0	ZPU	2	0
2152	20220398	0	ZPU	2	0
2153	94721731	0	ZRF	2	0
2154	94897415	0	ZRP	2	0
2155	98692747	0	ZRP	2	0
2156	57717716	0	ZUE	2	0
2157	84684523	0	ZUE	2	0
2158	42898669	0	ZXM	2	0
2159	56480277	0	ZXM	2	0
2160	64580371	0	ZXM	2	0
2161	33441137	0	ZXM	2	0
2162	17742604	0	ZXM	2	0
2163	24077086	0	ZXM	2	0
2164	51909097	0	ZXM	2	0
2165	40733113	0	ZXM	2	0
2166	65757660	0	ZXY	2	0
2167	38489215	0	ZZT	2	0
